Contact Number / رقم الاتصال,Contact Person / الموظف المسؤول,SANAD Center Name / مركز سند,Village / قرية,Willayat / ولاية,Governorate / محافظة
,محمد سليمان حامد الرحبي,شركة تيسير للخدمات التجارية,حلة القلعة,السيب,مسقط
,نادية بنت سالم بن سعيد العامري,ندى الملتقى للتجارة,الغشيبة,السيب,مسقط
,إبتهال محمد عبدالله اليحيائية,الصائغ المتكامله,المرتفعه,السيب,مسقط
,شمسة بنت محمد بن علي السيابية,شمس الرقمية,الجفنين,السيب,مسقط
,اسماء بنت علي بن سعيد الحسني,زهرة الخريس,الحيل الشمالية,السيب,مسقط
,نعيمة بنت خميس بن سالم اليحيائي,الأنامل الراقية للتجارة,الحيل الشمالية,السيب,مسقط
,حميدة حميد محمد السيابي,الديوانية المتحدة,الحيل الشمالية,السيب,مسقط
,سالم بن محمد بن سعيد البدوي,مشاريع البدوي المتحدة للتجارة,الحيل الشمالية,السيب,مسقط
,يحيى بن سالم بن عيسى البلوشي,القارن المتحدة للتجارة,الحيل الشمالية,السيب,مسقط
,إسحاق بن إبراهيم بن ناصر الصوافي,مشاريع إسحاق للأعمال التجارية,الحيل الشمالية,السيب,مسقط
,تقية بنت سعيد بن محمد العامرية,لجين مسقط للتجارة,الحيل الشمالية,السيب,مسقط
,مهرة بنت منير بن محمد البلوشية,الغيوم الرائعة,الحيل الشمالية,السيب,مسقط
,عايدة خلفان ثاني الخصيبية,الاسراءالذهبية للاعمال المتكاملة,الحيل الشمالية,السيب,مسقط
,ليلى بنت عبدالله بن صالح المحاربي,مؤسسة فردوس المجد للتجارة,الحيل الجنوبية,السيب,مسقط
,جوخة بنت عامر بن حمد الحجري,مؤسسة مشاريع درة الاتقان الحديثة للتجارة,الحيل الجنوبية,السيب,مسقط
,محمد بن خميس بن سالم العمراني,ارض العيص الوطنية للتجارة,الحيل الجنوبية,السيب,مسقط
,فايز بن عبدالله بن غلام البلوشي,الدلال للطباعة الذكية,الحيل الجنوبية,السيب,مسقط
,موسى هاشل سليم المفرجي,تسهيل للاعمال المتكاملة,الحيل الجنوبية,السيب,مسقط
,بدر بن حمد بن عبدالله الهدابي,المعرفة الشاملة للخدمات و الإنجاز ش ش و,الحيل الجنوبية,السيب,مسقط
,زمزم بنت سعيد بن سالم الدروجي,القوسين للتنمية والاستثمار,الحيل الجنوبية,السيب,مسقط
,احلام محمد حمود عديم التوبية,مشاريع أم تميم التوبي,الحيل الجنوبية,السيب,مسقط
,عبدالملك عبدالله علي الحضرمي,المنجز للخدمات المميزة,الحيل الجنوبية,السيب,مسقط
,زينة بنت مسعود بن ناصر المالكي,الرموز المتقدمة,الموالح الجنوبيه,السيب,مسقط
,بدرية بنت حمد بن سيف الهدابي,الانسجة الذهبية للتجارة,الموالح الجنوبيه,السيب,مسقط
,عاتكه بنت زهران بن زكري الهنائية,الشبكة الذكية للخدمات الالكترونية,الموالح الجنوبيه,السيب,مسقط
,ناصر بن حمود مسعود العوفي,المكتب التنفيذي,الموالح الجنوبيه,السيب,مسقط
,منى ناصر سلوم النهدية,عبق روح النرجس للاعمال,الموالح الجنوبيه,السيب,مسقط
,محمد بن سعيد بن محمد الهاشمي,اسناد للخدمات المتميزة,الموالح الجنوبيه,السيب,مسقط
,سلمى بنت سالم بن محمد الرئيسية,المتميزون للخدمات والطباعة,الموالح الجنوبيه,السيب,مسقط
,أميرة بنت سالم بن علي الرحبية,درة الخوض الماسية,الموالح الجنوبيه,السيب,مسقط
,علياء بنت سالم بن أحمد البلوشية,العلياء للأعمال والخدمات,الموالح الجنوبيه,السيب,مسقط
,سميره سيف سبيح سعيد الشبلية,مركز تسهيل للخدمات,الموالح الجنوبيه,السيب,مسقط
,امجاد بنت احمد بن حمدان الدرمكية,الألطاف للخدمات والتجارة,الرسيل ومساكن الرسيل,السيب,مسقط
,محمد بن عبيد بن نقي العبد العويسسي,روح البداوة للتجارة,المعبيلة,السيب,مسقط
,فهيمة بنت عبد العزيز بن دوستين البلوشية,هدهد المعبيلة للطباعة,المعبيلة,السيب,مسقط
,روضة بنت سالم بن حمود الوهيبية,نسيم المدينة المتحدة,المعبيلة,السيب,مسقط
,منال بنت منصور بن ناصر الصقرية,رونق الشرقية العالمية,المعبيلة,السيب,مسقط
,حبيبة علي حمود الحارثية,الماسة للأعمال والخدمات,المعبيلة,السيب,مسقط
,اسماء سالم راشد ناصر الهادية,مشاريع أسماء سالم الهادي للتجارة,المعبيلة,السيب,مسقط
,خميس بن سعيد بن خميس المخزومي,الذهبية لخدمات الطباعة,المعبيلة,السيب,مسقط
,نورمان بنت سعيد بن ناصر بني عرابة,الياقوت الاحمر اللامع للتجارة,المعبيلة,السيب,مسقط
,محمود بن عبدالله بن عامر الراشدي,سمت الملوك,المعبيلة,السيب,مسقط
,هاني محمد سعيد عبدالباقي,ولاء مسقط للخدمات,المعبيلة,السيب,مسقط
,علي بن سالم بن مسعود الأزكي,مؤسسة السهل اليسير للتجارة,المعبيلة,السيب,مسقط
,الهام خلفان محمد ناصر الناصرية,آلهام للتجارة الشامله,المعبيلة,السيب,مسقط
,محمد موسى سالم العزري,مشاريع فجر الايام,المعبيلة,السيب,مسقط
,اسحاق بن عبدالله بن سعيد الاسماعيلي,الامتنان الوطنية,مرتفعات المطار,السيب,مسقط
,سيف بن سلطان بن عابد البطاشي,مركز مسقط للاعمال,مرتفعات المطار,السيب,مسقط
,خلفان بن عامر بن علي القاسمي,مؤسسة خلفان القاسمي المتحدة,مرتفعات المطار,السيب,مسقط
,فاروق بن مبارك بن عبيد الحجري,حوافز الاصداء ش م م,مرتفعات المطار,السيب,مسقط
,نعيمة جزيه سياهوه,الغدير الماسي للتجارة,المعبيلة الصناعية,السيب,مسقط
,صالحة بنت عياد بن بخيت الدويكي,الورقة الذهبية المتحدة,المعبيلة الصناعية,السيب,مسقط
,لبنى بنت عبدالله بن حميد الهاشمي,الهاشمي لخدمات الطباعة,المعبيلة الصناعية,السيب,مسقط
,إيمان بنت جمعة بن محمود الرئيسية,أم رقية إيمان الرئيسية,المعبيلة الصناعية,السيب,مسقط
,حفيظة بنت عيسى بن سالم البلوشية,الأنامل الماهرة للطباعة,المعبيلة الصناعية,السيب,مسقط
,سميره بنت عبدالله بن نصير السليمي,مشاريع السليمي الحديثة و المتطورة,المعبيلة الصناعية,السيب,مسقط
,زيانة بنت سيف بن عبدالله النعمانية,بساتين الأفلاج العالمية,المعبيلة الصناعية,السيب,مسقط
,فاطمة بنت سعيد بن خليفة العامرية,واجهة مسقط للاعمال التجارية,المعبيلة الصناعية,السيب,مسقط
,مريم عباس غلام العجمية,الأنامل السريعة للطباعة والإنجاز,المعبيلة الصناعية,السيب,مسقط
,اسماء بنت سليمان بن سليم العامرية,الحرف المتميز للخدمات الذكية,المعبيلة الصناعية,السيب,مسقط
,ياسر عبدالله خلفان المعمري,محطة سند,المعبيلة الصناعية,السيب,مسقط
,جيهان ناصر مسعود السديرية,برج النجاح,المعبيلة الصناعية,السيب,مسقط
,محمد بن خلفان بن ناصر الراسبي,شموخ الشرقية للأعمال,المعبيلة الصناعية,السيب,مسقط
,عائشة عبدالغفور محمدشريف علي البلوشية,مؤسسة جوهرة الثقة للأعمال,المعبيلة الصناعية,السيب,مسقط
,فاطمة بنت شنون بن حمد الوهيبي,زهرة صياء,حلة السوق,السيب,مسقط
,امنه بنت صالح الزدجالية,سند السيب للنجارة,حلة السوق,السيب,مسقط
,صبرية بنت هلال بن داروك البلوشي,البريق اللامع للتجارة,الموالح,السيب,مسقط
,صالح بن محمد بن مطر العموري,لؤلؤة صحم المتحدة للتجارة,الموالح,السيب,مسقط
,عبدالله راشد حميد الهنائي,المنفذ السريع,الموالح,السيب,مسقط
,سهام علي راشد الكلبانية,موسسة خطوات التميز,الموالح,السيب,مسقط
,اسحاق بن سليمان بن محمد العامري,اسحاق بن سليمان بن محمد العامري للتجارة,حيل العوامر,السيب,مسقط
,حفيظ بن سالم بن فريش السيابي,المحترفون للخدمات الرقمية الشاملة,الشرادي,السيب,مسقط
,بثينة بنت حبيب بن مبارك الحسنية,حبيب لخدمات الطباعة وانجاز وتخليص المعاملات,الشرادي,السيب,مسقط
,شهيرة بنت جلال بن محمد الزدجالي,الرؤية الحرة للتجارة,الشرادي,السيب,مسقط
,هاجر بنت قاسم بن جمعه البلوشية,سراج المنير المثالي,الشرادي,السيب,مسقط
,فاطمة بنت احمد بن درويش العجمية,مشاريع طريق الكفاح للتجارة,المعبيله الجنوبيه,السيب,مسقط
,بلقيس بنت عبدالله بن عبدالرحمن الهوتي,وسن العفية للتجارة,المعبيله الجنوبيه,السيب,مسقط
,فاطمة بنت خلفان بن جمعه الكندي,مشاريع بحر العيون الوطنية,المعبيله الجنوبيه,السيب,مسقط
,نهلة بنت حمود بن سلطان العامري,دار الاصالة للخدمات الحديثة,المعبيله الجنوبيه,السيب,مسقط
,اميرة بنت عامر بن سالم بن حمود المحرزية,فارس المعبيلة للتجارة,المعبيله الجنوبيه,السيب,مسقط
,نادية بنت خميس بن درويش الحسنية,لمسات راقية للتجارة والمقاولات,المعبيله الجنوبيه,السيب,مسقط
,سعيد بن راشد بن سالم البادي,المدينة الحضارية للخدمات,المعبيله الجنوبيه,السيب,مسقط
,بدرية بنت محمد بن سليمان الحراصية,كوكب زحل للمشاريع الحديثة,المعبيله الجنوبيه,السيب,مسقط
,عالية بنت علي بن سيف الوهيبيه,بيلسان السيب,المعبيله الجنوبيه,السيب,مسقط
,رشا راشد احمد الهاشمية,التسهيل للطباعة الذكية,المعبيله الجنوبيه,السيب,مسقط
,عايده بنت سالم بن خميس الصولية,عايدة للاستثمار,المعبيله الجنوبيه,السيب,مسقط
,حمود سيف عمران المنجي,مساند للخدمات والاستثمار,المعبيله الجنوبيه,السيب,مسقط
,شيماء بنت سليمان بن عبدالله الحسنية,الحوريات الذكية للتجارة,الخوض,السيب,مسقط
,نزهة بنت علي بن محمد البلوشي,رونق الخوض للتجارة,الخوض,السيب,مسقط
,احمد بن جمعة بن سالم الحبسي,آفاق المدينة البيضاء,الخوض,السيب,مسقط
,زهران بن عبدالله بن محمد الحوسني,شموخ الأغصان للتجارة,الخوض,السيب,مسقط
,فاطمة بنت حمود بن حميد الظفرية,مؤسسة المشاريع الهواجس المتحدة,الخوض,السيب,مسقط
,نكتل بن خلفان بن عزيز الاخزمي,منتدى الخدمات الاكترونية,الخوض,السيب,مسقط
,عاقبة بنت سرور بن عامر التوبي,الخطوط البيضاء للطباعة الذكية,الخوض,السيب,مسقط
,سلوى علي مراد البلوشي,مركز الحوريات الثلاثة للتجارة,الخوض,السيب,مسقط
,أسماء بنت خميس بن ناصر الفراجي,روعة التألق للخدمات,الخوض,السيب,مسقط
,سريه بنت سليمان بن زاهر الصبحية,الخطوط الفضية الحديثة ش م م,الخوض,السيب,مسقط
,نادية بنت سليمان بن محمد المجينية,عبق الناردين,الخوض,السيب,مسقط
,احمد بن ناصر بن هاشل السيابي,المجيدون للاعمال,الخوض,السيب,مسقط
,منير بن محمد بن سالم السليماني,رحاب المدينة الحديثة,الخوض,السيب,مسقط
,نواف حمدان الخنبشي,مزاين المعبيلة للتجارة,الخوض,السيب,مسقط
,فاطمة بنت حمد بن سالم العامرية,الخط الصغير للطباعة الذكية,الخوض,السيب,مسقط
,ايوب بن خميس بن حمدان التوبي,انجاز الشباب للتجارة,الخوض,السيب,مسقط
,أحمد محمد سالم الحجري,بدائع الكون للتجارة,الخوض,السيب,مسقط
,هدى بنت سليمان بن علي بن سالم المقبالية,الخدمات الاولى,الخوض,السيب,مسقط
,جيهان بنت أحمد بن دكال البلوشية,الارض البيضاء الوطنية,الخوض,السيب,مسقط
,الشيماء بنت نصرالله بن صبيح بن ناصر النبهانيد,الشيماء للآعمال الشاملة,الخوض,السيب,مسقط
,محمد سعيد علي الصبحي,البرق الذهبي للمعاملات,الخوض,السيب,مسقط
,مريم هديب خميس ناصر الراسبية,المجد العالمي للتجارة,الخوض,السيب,مسقط
,محمد سالم هاشل الكيومي,عبق التوليب,الخوض,السيب,مسقط
,علي بن سعيد بن هاشل البوسعيدي,لؤلؤة العرب للتجارة,السيب,السيب,مسقط
,ابتسام بنت سالم بن محمد بن ناصر الكاسبي,الساحل الذهبي للتجارة,السيب,السيب,مسقط
,فايزة بنت خلفان بن ربيع السناني,عيون الوصال للتجارة,السيب,السيب,مسقط
,درويش عبدالله درويش البلوشي,ركن الخليج للمشاريع الحديثة,المطار,السيب,مسقط
,فهد بن عامر بن سيف الهنائي,الرونق الذهبي المتحدة,الرسيل,السيب,مسقط
,سعيد بن ناصر بن حمود الريامي,كنوز الماضي للتجارة,مطرح,مــطــرح,مسقط
,اكبر بن محمد بن عزيز اللواتي,النادر للخدمات,مطرح,مــطــرح,مسقط
,صبرية عبدالصمد رمضان الزدجالي,مشاريع زهرة مطرح الحديثة للتجارة,مطرح,مــطــرح,مسقط
,فايزة بنت سالم بن خصيف الشامسية,شمس العبير للتجارة,مطرح,مــطــرح,مسقط
,نعيمه دوشمبيه غيب الله الزدجالية,مشاريع الخدمات الشاملة,مطرح,مــطــرح,مسقط
,محمد حمد محمد الريامي,ردهة المستثمرين,مطرح,مــطــرح,مسقط
,محمد بن حسن بن محمد جواد عبدواني,موجة الأعمال ش ش و,مطرح,مــطــرح,مسقط
,موسى بن محمد اسد الكندي,الكندي للطباعة,روي,مــطــرح,مسقط
,محمود بن سعيد بن علي الدغيشي,السطور الذهبية للتجارة,روي,مــطــرح,مسقط
,مياء بنت عبدالله بن سعيد الشبيبي,النسيم الساحر للتجارة,روي,مــطــرح,مسقط
,محمد بن ناصر بن سعود البراشدي,ابو يوسف البراشدي,روي,مــطــرح,مسقط
,إبراهيم بن سعيد بن مطر المسقري,صقر الظاهرة للخدمات,روي,مــطــرح,مسقط
,بسمة بنت سالم بن خلفان الهادية,الهدهد لخدمات البطاقة الذكية,روي,مــطــرح,مسقط
,احمد بن محمد بن سيف الهميمي,درة الابداع للتجاره,روي,مــطــرح,مسقط
,زينب بنت عبدالله بن سالم الفارسي,دائرة تمكين للاستثمار و التجارة ش ش و,روي,مــطــرح,مسقط
,مها بنت عبدالغفار بن صالح الزدجالية,مركز نسيم مسقط للطباعة والخدمات,روي,مــطــرح,مسقط
,حمد بن محمد بن سعيد الغافري,الجودة المطلقة للتجاره,روي,مــطــرح,مسقط
,سلوى بنت جمعه بن سعيد البلوشية,شمس السعادة,روي,مــطــرح,مسقط
,زينب بنت خلفان بن سعيد الجابرية,اللمسة للخدمات المتألقة,روي,مــطــرح,مسقط
,فهود بنت غاشم بن سعيد بن مويزي الجابرية,العهود المثالية للتجارة,روي,مــطــرح,مسقط
,علي بن سعيد بن راشد المالكي,انوار الثريا المميزة,روي,مــطــرح,مسقط
,اكبر بن كريم داد بن شمبيه الرئيسي,مركز الرئيسي للطباعة,روي,مــطــرح,مسقط
,وجدي بن علي بن سعيد الوهيبي,قلعة روي لخدمات الطباعة,روي,مــطــرح,مسقط
,محمد بن سعيد بن ثاني الحسني,سما الغرب الوطنية للتجارة,روي,مــطــرح,مسقط
,إبراهيم بن سعيد بن بشير الاسحاقي,المضلع الذهبي,روي,مــطــرح,مسقط
,اليقظان علي سعيد صالح الحراصي,العقيد الشاملة,روي,مــطــرح,مسقط
,سلطان بن عبدالله بن محمد الزدجالي,مؤسسة البريق العربي للتجارة,روي,مــطــرح,مسقط
,ثريا عامر مبروك الحبسية,الثريا للاعمال الحديثة,روي,مــطــرح,مسقط
,وضحى بنت أحمد بن اسماعيل الرئيسية,المميز للخدمات الحديثه,روي,مــطــرح,مسقط
,عطية بنت محمد بن علي المعشرية,نسيم المروج للتجارة,روي,مــطــرح,مسقط
,خالد علي سعيد الحارثي,مشاريع الهال الوطنية,القرم,مــطــرح,مسقط
,منذر بن مضر بن ماجد الموسوي,مركز خدمات الغافة,القرم,مــطــرح,مسقط
,مجتبى بن محمد بن عبدالرضا العبدواني,درة الخليج المتكاملة,الوادي الكبير,مــطــرح,مسقط
,جاسم محمد ناصر الوهيبي,شاع الحديثة للتجارة ش ش و,الوادي الكبير,مــطــرح,مسقط
,محمد رضا بن فدا حسين عبدالله اللواتي,مشاريع مدينة العاصمة,الوادي الكبير,مــطــرح,مسقط
,هدى سعيد حمد الوهيبية,دانة الشرق الماسية,الوادي الكبير,مــطــرح,مسقط
,بدر بن حميد بن راشد الزرعي,حفيف الورق للتجارة,الحمرية,مــطــرح,مسقط
,راشد بن ناصر بن محمد المعمري,مشاريع معاد الحديثة,الحمرية,مــطــرح,مسقط
,عائشة بنت علي بن ناصر بن سيف البطاشية,الخبرة للاعمال,الحمرية,مــطــرح,مسقط
,احمد محمد سالم الحميدي,رواد الاعمال الخدمات والمشاريع,الحمرية,مــطــرح,مسقط
,عبداللة بن محمد بن عثمان القاسمي,العكاس للتجارة,بيت الفلج,مــطــرح,مسقط
,صباح بنت خلفان بن عبيد الحبسية,مؤسسة الاصالة العصرية للتجارة,بيت الفلج,مــطــرح,مسقط
,فريدة بيجم فيثو شيخ,تلال الطويان للتجارة,الشجيعيه,مــطــرح,مسقط
,أمل غاشم سعيد الجابريه,بصمة الأمل للخدمات,الولجه,مــطــرح,مسقط
,قيس بن علي بن عديم الوهيبي,مندوس مسقط للتجارة,حلة السد,مــطــرح,مسقط
,مريم بنت علي بن محمد الزعابية,نرجس المدينة الحديثة,حلة السد,مــطــرح,مسقط
,زينة بنت عامر بن محمد المصلحية,مشاريع الارجوان الحديثة,الخوير,بــوشــر,مسقط
,ياسمين بنت خلفان العامري,مركز بريق الياسمين للاستثمار,الخوير,بــوشــر,مسقط
,شروق بنت بدر بن سالم الهلالي,مؤسسة مركز القوى الوطنية للتجارة,الخوير,بــوشــر,مسقط
,قيس بن أحمد بن سالم الوضاحي,مؤسسة الفرقد الشاملة,الخوير,بــوشــر,مسقط
,صلاح الدين احمد احمد ابودراز,دراز الوطنية,الخوير,بــوشــر,مسقط
,ولاء بنت جمعة بن حسن الشعيليه,جسور لخدمات البطاقة الذكية,الخوير,بــوشــر,مسقط
,قيس بن احمد بن عبدالله النهدي,مشاريع المنطلق المتحدة,الخوير,بــوشــر,مسقط
,فاطمة احمد محمد العيدروس,تريم للخدمات الرقمية,الخوير,بــوشــر,مسقط
,سليمان خالد سليمان النبهاني,اتحاد العمال والاعمال للادارة والخدمات,الخوير,بــوشــر,مسقط
,منار علي راشد علي الكلبانية,مشاريع المنار المثالية,الخوير,بــوشــر,مسقط
,بدر عبدالله مبارك سعيد المرزوقي,التسهيل للخدمات الوطنية,الخوير,بــوشــر,مسقط
,ريهام بنت عبدالله بن علي الحضرمية,الثقة للطباعة,الخوير,بــوشــر,مسقط
,فهد عوض صالح سيف السرحاني,البطاقة الذهبية للتجارة,الخوير,بــوشــر,مسقط
,سند احمد عبدالله الاغبري,الطابع المتميز,الخوير,بــوشــر,مسقط
,عدنان بن سيف بن محمد العادي,بصمة الإبداع الرقمية,الخوير,بــوشــر,مسقط
,انتصار ناصر سليمان ناصر الخروصية,مركز تمكين للخدمات,الخوير,بــوشــر,مسقط
,شيخة ناصر سليمان محمد السالمية,ديباج للاعمال والخدمات,الخوير,بــوشــر,مسقط
,مايدة بنت خلفان بن ثنيان الجابري,معاملاتي,الغبرة الشمالية,بــوشــر,مسقط
,ناصر بن علي بن غاشم الحسني,جوارح الغبرة للتجارة,الغبرة الشمالية,بــوشــر,مسقط
,امل بنت ابراهيم بن سليمان البلوشي,مشاريع الرمزين الوطنية,الغبرة الشمالية,بــوشــر,مسقط
,سيف بن محمد بن ناصرالبطاشي,خطاف مسقط للتجارة,الغبرة الشمالية,بــوشــر,مسقط
,عبدالله بن سيف بن عبدالله الحراصي,الجودة الراقية للخدمات التجارية,الغبرة الشمالية,بــوشــر,مسقط
,صبيحه بنت سليمان بن سعيد السيابي,مركز الطباعة الماسية,الغبرة الشمالية,بــوشــر,مسقط
,شيماء بنت امين محمد شنين اولادثاني,مكتب الأمين للطباعة,الغبرة الشمالية,بــوشــر,مسقط
,ايمان بنت عبدالرسول بن اسماعيل البلوشية,الفرص السانحة للتجارة,الغبرة الشمالية,بــوشــر,مسقط
,جابر بن خليفة بن عبدالله الراسبي,الجزيرة للطباعة,الغبرة الشمالية,بــوشــر,مسقط
,حمود بن محمد بن ناصر البطاشي,مشاريع أرض الكنوز التجارية,الغبرة الشمالية,بــوشــر,مسقط
,احمد بن صالح بن مفتاح الهنائي,الامتيازات للخدمات,الغبرة الشمالية,بــوشــر,مسقط
,نوال حمود خلف المعمرية,الابتسامة الذكية للتجارة,الغبرة الشمالية,بــوشــر,مسقط
,عزيزة سليمان مسلم الكلباني,مشاريع عزيزة الكلبانية للتجارة,الغبرة الشمالية,بــوشــر,مسقط
,محمد بن علي بن صالح بن سيف السرحاني,جزر الأزهار,الغبرة الشمالية,بــوشــر,مسقط
,ريان علي جمعه الهنائية,خدمات الخليج العربي المثالية,الغبرة الشمالية,بــوشــر,مسقط
,محمد سالم محمد العويسي,رمال الصحراء,الغبرة الشمالية,بــوشــر,مسقط
,عبدالله علي راشد خنيفر الزرعي,ظبي الشرقية المتكاملة,الغبرة الشمالية,بــوشــر,مسقط
,خديجة بنت محمد بن سلطان الحارثي,نقطة الانجاز للتجارة,الغبرة الجنوبية,بــوشــر,مسقط
,سالم بن محمد بن سالم الحجري,منارة العالمية للاعمال,الغبرة الجنوبية,بــوشــر,مسقط
,جميلة بنت محمد بن موسى البلوشية - سهير بنت سالم بن درويش الحسنية,لؤلؤة مسقط للطباعة الذكية,الغبرة الجنوبية,بــوشــر,مسقط
,محمد بن حمد بن عبيد الوهيبي,محمد بن حمد بن عبيد الوهيبي للتجارة والمقاولات,الغبرة الجنوبية,بــوشــر,مسقط
,خالد محمود محمد الرواحي,دار الانجازات,الغبرة الجنوبية,بــوشــر,مسقط
,محمد بن سيف بن محمد الخاطري,الطيف لخدمات سند,العذيبة,بــوشــر,مسقط
,منذر بن سعيد بن عبدالله المعمري,دار الخير لخدمات سند,العذيبة,بــوشــر,مسقط
,سعيد بن سالم بن ابراهيم العرفاتي,لوزان للإستمارة الذكية,العذيبة,بــوشــر,مسقط
,ناديه بنت العبد بن علي بن سعيد المشايخية,تسهيل للخدمات الذكية,العذيبة,بــوشــر,مسقط
,نبيهة بنت بدر بن عبدالله بن محمد البطاشية,مركز العاصمة للخدمات,العذيبة,بــوشــر,مسقط
,سلطان بن محمد بن عامر المياحي,الجدارة المتحدة للتجارة-ـضامنية,بوشر,بــوشــر,مسقط
,موسى بن خميس بن سعيد الحسني,مركز بابل للخدمات,بوشر,بــوشــر,مسقط
,سعيد هلال محمد البوسعيدي,جبل بات العالمية,بوشر,بــوشــر,مسقط
,خالد بن حمد بن محمد السيابي,مشاريع القرش المتكاملة,بوشر,بــوشــر,مسقط
,سيف بن علي بن زاهر بن علي القصابي,سهول مجان للاعمال,بوشر,بــوشــر,مسقط
,الصغير بن سعيد الصغير الوهيبي,سند الواحة للخدمات,بوشر,بــوشــر,مسقط
,محمد مصطفى حمود سيف القاسمي,حجر الزواية العالمية,بوشر,بــوشــر,مسقط
,أنفال خلفان محمد النبهانية,المستقبل الواعد للخدمات,بوشر,بــوشــر,مسقط
,ابراهيم سنان محمد محمود الحضرمي,المدر للخدمات والاستثمار,القرم,بــوشــر,مسقط
,امل بنت عبد الشهيد بن حسن اللواتي,الدليل المحترف للخدمات,الخوير الجنوبية,بــوشــر,مسقط
,علياء بنت عبدالله بن علي النوفلي,مشاريع الصبح البهيج,الخوير الجنوبية,بــوشــر,مسقط
,الزهراء بنت سالم بن سعيد بن سالم الحبسية,نسيم الغبيره,الخوير الجنوبية,بــوشــر,مسقط
,نبهان سليمان بن حمد اليعربي,الود المنير,الخوير الجنوبية,بــوشــر,مسقط
,اسماء بنت خلفان بن سليمان الحضرمي,بيسان الوطنية للمشاريع,الغبرة,بــوشــر,مسقط
,محمد بن ناصر بن علي الزرعي,البيرق لطباعة وانجاز المعاملات,الغبرة,بــوشــر,مسقط
,هديل عبدالله راشد المنصورية,مؤسسة انجازات الغبي,الغبرة,بــوشــر,مسقط
,رحيمه ابراهيم احمد البلوشية,غدير الوادي الحديثه للتجاره,الغبرة,بــوشــر,مسقط
,ناهدة بنت حمود بن عبد العزيز الرئيسي,ناهدة,مرتفعات بوشر,بــوشــر,مسقط
,حمود عبدالله علي محمد الحارثي,العالمية للأعمال والاستثمار,مرتفعات بوشر,بــوشــر,مسقط
,الوارث بن يحيى بن سالم الحوقاني,مركز المارينا للخدمات,العذيبة الشماليه,بــوشــر,مسقط
,سليمان بن سعيد بن سيف العزري,ركن إزكي,العذيبة الشماليه,بــوشــر,مسقط
,نصرة بنت ناصر بن سيف الكلبانية,الطباعة القصوى,العذيبة الشماليه,بــوشــر,مسقط
,عائشه سيف خميس الرواحية,مؤسسة بريق السيب الوطنية,مسفاة العلوية,بــوشــر,مسقط
,مريم بنت علي بن ناصر المحروقية,الشعلة للاعمال الذهبية,الخوير الشمالية,بــوشــر,مسقط
,نوال بنت قاسم بن سليمان الرواحية,مشاريع شرق غلاء للتجارة,غلا الصناعية,بــوشــر,مسقط
,سعيد بن مصبح بن عبدالله السنيدي,ابو راكان السنيدي للتجاره,غلا الصناعية,بــوشــر,مسقط
,سعود علي سعود السنيدي,سعود علي السنيدي للتجاره,غلا الصناعية,بــوشــر,مسقط
,جهينه صالح شيخان الهنائية,اسيل العرب للتجارة والخدمات,غلا الصناعية,بــوشــر,مسقط
,عائشة بنت مسلم بن سعيد البطاشي,نبع السناء للتجارة,غلاء,بــوشــر,مسقط
,سعيدة بنت محمد حسن بن صالح البلوشي,نقطة الصفر للخدمات,غلاء,بــوشــر,مسقط
,معن بن سالم بن خلفان الوهيبي,الغزلان البرية الرائدة,غلاء,بــوشــر,مسقط
,سعيد بن راشد بن ناصر المعمري,مشاريع انوار الطلائع,غلاء,بــوشــر,مسقط
,فيصل بن احمد بن محمد بن سالم السبتي,مركز اساس للخدمات,غلاء,بــوشــر,مسقط
,ذياب بن سيف بن عبدالله الجلنداني,البيلسان لتعقب المعاملات,غلاء,بــوشــر,مسقط
,علي بن محمد بن ناصر بن سعيد الكاسبي,منابر الريان للتجارة,غلاء,بــوشــر,مسقط
,عبد الرحمن بن عبيد بن سالم الفهدي,الامانه العالمية للطباعة,غلاء,بــوشــر,مسقط
,محمد عبدالله محمد الهاشمي,قوافي الشرقية المتحدة,غلاء,بــوشــر,مسقط
,يحيى سعيد علي سعيد اليزيدي,مركز الخدمات الإلكترونية,غلاء,بــوشــر,مسقط
,ساميه بنت سعيد بن سويرح الرحبية,رواد الانصب للتجارة,الانصب,بــوشــر,مسقط
,خالصة سيف أحمد الأغبرية,الطابع الذكي,الانصب,بــوشــر,مسقط
,حميد بن محمد بن حمد المحاربي,مشاريع الازاذ للتجارة,العامرات,العامرات,مسقط
,أميرة بنت سليمان بن معيوف الرواحي,سرب العامرات للتجارة,العامرات,العامرات,مسقط
,امنه بنت سعود بن حمود المعشرية,ريماس الخليج للمشاريع المتميزة,العامرات,العامرات,مسقط
,نبيلة بنت مسلم بن عبد الله الخضوري,خط العامرات للمشاريع المتميزة,العامرات,العامرات,مسقط
,فاطمة بنت سالم بن جمعه السيابية,دانة الريم المتحدة,العامرات,العامرات,مسقط
,سالم بن عبدالله بن زهران الرقيشي,مسقط للطباعة وتخليص المعاملات,العامرات,العامرات,مسقط
,أحلام بنت سعيد بن علي الرواحية,الزهراء الرقمية للتجارة,العامرات,العامرات,مسقط
,ناصر علي سند خلفان المعمري,ركن الإنجاز,العامرات,العامرات,مسقط
,مصطفى بن خميس بن سعيد المدهوشي,تغاريد للخدمات,العامرات,العامرات,مسقط
,علي طارق عبدالحميد البلوشي,رؤية مسقط الجديده,العامرات,العامرات,مسقط
,بدرية رمضان قاسم البلوشية,الاجادة الحديثة للتجارة,مدينة النهضة,العامرات,مسقط
,خلود بنت سيف بن ابراهيم المعمري,رؤية وطن للطباعة,سيح الظبي,العامرات,مسقط
,هاني سالم محمد الوهيبي,السندس للخدمات والمشاريع,سيح الظبي,العامرات,مسقط
,عائشة سيف عبيد الأخزمية,اللمسه السحريه للطباعة,سيح الظبي,العامرات,مسقط
,حنان سليمان معيوف الرواحية,الفرص المنيرة,المحج,العامرات,مسقط
,شيخة بنت ناصر بن سليمان العامرية,الزهراء للطباعة,المحج,العامرات,مسقط
,امل بنت سالم بن علي الناعبية,جوهرة الامل العصرية,السوق,قريات,مسقط
,شيخه علي سالمين الرصادية,ام الخير للاعمال,السوق,قريات,مسقط
,رشاء بنت طالب بن محمد الحسنية,مشاريع لؤلؤة قريات المتميزة,قريات,قريات,مسقط
,نوار بنت سالم بن مسعود المياحية,رونق الحلة لطباعه البطاقه الذكيه,العوابي,الـعــوابـي,جنوب الباطنة
,انتظار سلام لافي الخروصية,وصايف الشرق الوطنية,الغرب,الـعــوابـي,جنوب الباطنة
,مريم بنت عبدالله بن علي البوسعيدي,المرسى للعقارات والخدمات,المصنعة,المصنعة,جنوب الباطنة
,فتحية بنت سليم بن مبارك السعدي,صمود الطريف للتجارة,المصنعة,المصنعة,جنوب الباطنة
,عائشة بنت ساعد بن سعيد الحضرمي,دانة النواخذة للتجارة,المصنعة,المصنعة,جنوب الباطنة
,هنية بنت خميس بن عبدالله الطارشية,ترانيم المدينة الراقية,الطريف,المصنعة,جنوب الباطنة
,عائشة بنت سعيد بن سالم العوفي,نقاط الحبر للتجارة,الطريف,المصنعة,جنوب الباطنة
,جاسم بن محمد بن سليمان الشقصي,اضواء العصر للتجارة,الملدة,المصنعة,جنوب الباطنة
,أسماء بنت خميس بن مسعود البلوشية,أسماء المثالية,الملدة,المصنعة,جنوب الباطنة
,سيف بن حميد بن ناصر النوفلي,مشاريع حصن الجزيرة للتجارة,ودام الغاف,المصنعة,جنوب الباطنة
,فاطمة بنت عبدالله بن خميس السعدية,زهرة القرط للتجارة,القرط,المصنعة,جنوب الباطنة
,زينب بنت علي بن مراد البلوشية,اساس لخدمات رواد الاعمال,القرط,المصنعة,جنوب الباطنة
,عمر سيف مسعود السعدي,دار الفجر للخدمات,القريحات,المصنعة,جنوب الباطنة
,منيرة بنت عبدالله بن خميس القاسمي,الجودة المثالية لللاعمال,شعيبة,المصنعة,جنوب الباطنة
,سميرة بنت راشد بن ناصر الهادية,ملاذ السوادي,بوعبالي,المصنعة,جنوب الباطنة
,هاجر بنت مبارك بن عبدالله السعيدية,التوليب للخدمات والأعمال التجارية,المغسر الجنوب,المصنعة,جنوب الباطنة
,مصبح بن صالح بن علي بن ساعد السعدي,أشراقة الملدة للتجارة,البدي,المصنعة,جنوب الباطنة
,سليمة بنت حبيب بن خميس الفاخري,واحة القيروان للتجارة,الشعيبه,المصنعة,جنوب الباطنة
,بدرية بنت حمد بن مصبح الطارشية,غزلان الوادي الحديثة,الشعيبه,المصنعة,جنوب الباطنة
,نوف خلفان ناصر الوهيبية,مرام المتكاملة,الشعيبه,المصنعة,جنوب الباطنة
,هلال سليم ناصر القاسمي,مازن للتجاره,الجحيلة,بـــركـــاء,جنوب الباطنة
,بدرية طالب سيف الفارسي,انوار المزن المتالقة,الباسط,بـــركـــاء,جنوب الباطنة
,محفوظة بنت عزان بن سيف الصبحي,ساحة الورد للتجارة,الصومحان,بـــركـــاء,جنوب الباطنة
,سيف بن محمد بن خلفان الرشيدي,مشاريع سيف الرشيدي للتجارة,الصومحان,بـــركـــاء,جنوب الباطنة
,بشرا بنت محمد علي العجمي,بشرا بنت محمد علي العجمي,الصومحان,بـــركـــاء,جنوب الباطنة
,جليلة بنت سالم بن حماد المعولية,زهرة الأيام الحديثة,الصومحان,بـــركـــاء,جنوب الباطنة
,جوهرة بنت سليمان بن سالم السدي,درة الغوالي للتجارة,الصومحان,بـــركـــاء,جنوب الباطنة
,سعاد بنت ربيع بن ثويني الغيلانية,بحار الشرقية الحديثة للتجارة,الصومحان,بـــركـــاء,جنوب الباطنة
,صبيحة بنت سعيد بن حمد الرشيدي,مشاريع عين جالوت الشاملة,الصومحان,بـــركـــاء,جنوب الباطنة
,بدرية بنت سيف بن سالم الفجري,طيف البدر للتجارة,الصومحان,بـــركـــاء,جنوب الباطنة
,خميس بن سبيل بن عبدالله البلوشي,اهل الدار للتجارة,الصومحان,بـــركـــاء,جنوب الباطنة
,بشرى بنت ناصر بن حمد البوسعيدية,حي السلام الشاملة,الصومحان,بـــركـــاء,جنوب الباطنة
,سميرة بنت سعيد بن حمود الرحبية,موطن السلام للتجارة,الصومحان,بـــركـــاء,جنوب الباطنة
,كريمة بنت عديم بن سعيد الحمدانية,مزن الخويرات,الصومحان,بـــركـــاء,جنوب الباطنة
,أحمد سليم صروخ سيف الصلتي,غصن المعرفة,الصومحان,بـــركـــاء,جنوب الباطنة
,شذى بنت ناصر بن محمد بن علي الحراصية,ترشيد للخدمات الرقمية,الصومحان,بـــركـــاء,جنوب الباطنة
,هاجر سيف خلفان الفضيلية,الاداء المتميز الشامل,الصومحان,بـــركـــاء,جنوب الباطنة
,عاصم سيف علي المالكي,سلامة بركاء للتجارة,الصومحان,بـــركـــاء,جنوب الباطنة
,يعقوب بن يوسف بن سليمان العامري,البيت الأبيض للتجارة العامة,الهرم,بـــركـــاء,جنوب الباطنة
,زكية علي خلفان القاسمي,شروق بركاء الماسية,السلاحة,بـــركـــاء,جنوب الباطنة
,زمزم خميس علي المشيفري,مركز المشيفري للخدمات,حي عاصم,بـــركـــاء,جنوب الباطنة
,داغر بن سعيد بن نصير السيابي,خيرات المزن للتجارة,الرميس,بـــركـــاء,جنوب الباطنة
,سراب بنت سعيد بن مطر الجلندانية,زهرة لوتس للخدمات,الرميس,بـــركـــاء,جنوب الباطنة
,امال بنت علي بن عبدالله البريكية,مشاريع امال نخل للتجارة,الشخاخيط,بـــركـــاء,جنوب الباطنة
,نادية بنت محمد بن علي الهادية,قطر الندي المتميزة,السقسوق,بـــركـــاء,جنوب الباطنة
,موزة عبدالله سيف البدري,رنيم الحديثة للتجارة,العقدة,بـــركـــاء,جنوب الباطنة
,أسماء علي سعيد الحسينه,رواد مجان,الحضيب,بـــركـــاء,جنوب الباطنة
,منى بنت سعيد بن خلفان المعولي,منى المعولي للتجارة,بركاء,بـــركـــاء,جنوب الباطنة
,مروة بنت جمعة بن ربيع الوهيبي,نجوم الكون الوطنية,بركاء,بـــركـــاء,جنوب الباطنة
,حواء بنت حمود بن ناصر الفليتية,حواء الفليتي للتجارة,بركاء,بـــركـــاء,جنوب الباطنة
,طاهر بن محمد بن سعيد العويسي,ارض الوسن الشاملة,بركاء,بـــركـــاء,جنوب الباطنة
,نوال بنت درويش بن سعيد الحمدانية,السهم السريع للأعمال,بركاء,بـــركـــاء,جنوب الباطنة
,وليد بن قاسم بن جان محمد البلوشي,سماء الرميس للطباعة الذكية,بركاء,بـــركـــاء,جنوب الباطنة
,عائدة بنت خميس بن سويد العرجية,بداية النقطة العالمية,السوادي,بـــركـــاء,جنوب الباطنة
,بدريه ابراهيم علي الزدجالية,سماء السوادي الوطنية,السوادي,بـــركـــاء,جنوب الباطنة
,عذاري بنت صالح بن خميس الناصرية,ريح المسك الوطنية للتجارة,الحرادي,بـــركـــاء,جنوب الباطنة
,نوال بنت حمد بن خلفان الخاطرية,لؤلؤة مزون للخدمات الشاملة,الحزم,الرستاق,جنوب الباطنة
,ناصر محمد شيخان الهنائي,استبرق الوطنية,الحزم,الرستاق,جنوب الباطنة
,عايده سعيد علي العويسية,الوعد البرونزية,الحوقين,الرستاق,جنوب الباطنة
,عائشة بنت عبدالله بن مرزوق الجشمية,نور الضياء المشرق,الشعبية,الرستاق,جنوب الباطنة
,سالمة بنت راشد بن سعيد العبري,شهد الورد للتجارة,المرباء,الرستاق,جنوب الباطنة
,زاهر بن عبدالله بن زاهر الشرياني,الفيلق للخدمات المميزة,المرباء,الرستاق,جنوب الباطنة
,عادل بن سليم بن سعيد العبري,الاحتراف للخدمات المميزة,المرباء,الرستاق,جنوب الباطنة
,عذاري احمد سليمان الرحبية,مؤسسة أطياف الماضي للتجارة,العراقي,الرستاق,جنوب الباطنة
,حمود بن سيف بن حمود بن حمد الذهلي,ورد بلد سيت للخدمات,الرمانية,الرستاق,جنوب الباطنة
,شريفة حامد سعيد الحلحلية,الملاك الوطنية للخدمات الشاملة,المرباء الغربيه,الرستاق,جنوب الباطنة
,شيخة بنت خليفة بن سالم الشقصي,اديم الشرق,برج الرده,الرستاق,جنوب الباطنة
,منيرة بنت سالم بن علي الفجرانية,روابط الاتفاق للتجارة,الرخة,الرستاق,جنوب الباطنة
,هدى بنت سيف بن محمد العبرية,مزايا لخدمات الطباعة,حي السرح,الرستاق,جنوب الباطنة
,نصره بنت يوسف بن عبدالله السالمية,وهج المساء للتجاره,الرستاق,الرستاق,جنوب الباطنة
,علياء بنت صالح بن محكوم الشقصي,ريحانة الريان للتجارة,الرستاق,الرستاق,جنوب الباطنة
,شمسة بنت خلفان بن محمد العبري,زهرة العقبة للتجارة,الرستاق,الرستاق,جنوب الباطنة
,انتصار بنت محمد بن صالح المعينية,البعد الثالث لخدمات البطاقة الذكية,الرستاق,الرستاق,جنوب الباطنة
,سالمة بنت عبدالله بن عامر العبرية,اثار قصرى للتجارة,الرستاق,الرستاق,جنوب الباطنة
,رانيا علي سليمان العوفية,الوفاء المتميز للخدمات الطباعة,فلج الشراه,الرستاق,جنوب الباطنة
,خلفان سالم خلفان الشهومي,637 - الجلاح للتجارة,فلج الشراه,الرستاق,جنوب الباطنة
,كريمة بنت عبدالله بن راشد الريامية,بساتين نخل للتجارة,نخل,نـــخــل,جنوب الباطنة
,فتحية حبيب الراشدية,زاجل سندان للتجارة,حلبان,نـــخــل,جنوب الباطنة
,هلال بن سعيد بن علي المعولي,هلال بن سعيد بن علي المعولي,مسلمات,نـــخــل,جنوب الباطنة
,شريفة بنت خليفة بن خميس الريامي,صروح شاذون للتجارة,باب الظفور,نـــخــل,جنوب الباطنة
,علي مصبح محمد الحضرمي,ابراج نخل الشامخة,باب الظفور,نـــخــل,جنوب الباطنة
,ماجدة بنت خليفة بن مرهون المعولي,الدرة الجميلة للتجارة,وادي المعاول,وادي المـعـاول,جنوب الباطنة
,الصلت بن سالم بن خلفان الهشامي,الذوق العريق,مسلمات,وادي المـعـاول,جنوب الباطنة
,فاطمه بنت سالم بن حمود المالكي,الكفاءة للخدمات الحديثة المتطورة,سيح الحيل,وادى بنى خـالـد,شمال الشرقية
,علياء بنت شباب بن هاشل الرزيقي,مشاريع ياسمين الخالدية للتجارة,مزيرع,وادى بنى خـالـد,شمال الشرقية
,سهام بنت أحمد بن مسلم المصلحي,صروح وادي بني خالد للتجارة,وادي بني خالد,وادى بنى خـالـد,شمال الشرقية
,ناصر بن سعيد بن راشد النعماني,ناصر بن سعيد بن راشد النعماني,سناو,سناو,شمال الشرقية
,علي بن عبدالله بن سلطان المحروقي,مشاريع علي المحروقي الحديثة للتجارة,سناو,سناو,شمال الشرقية
,مياء بنت محسن بن حسين العامرية,المياسة الشرقية للتجارة,سناو,سناو,شمال الشرقية
,مها بنت سعيد بن سالم المبسلي,ارض الوطن للاعمال التجارية,سناو,سناو,شمال الشرقية
,بسمه بنت سالم بن سليم الهديفية,مؤسسة سراب البحر للتجارة,سناو,سناو,شمال الشرقية
,خالد بن محمد بن عبدالله بن عامر الصوافي,مشاريع ملك الساحة المتميزة للتجارة,سناو,سناو,شمال الشرقية
,عبدالله بن سعيد بن محمد الراشدي,ارض الغبيراء المتكاملة,سناو,سناو,شمال الشرقية
,مالك بن سليمان بن ربيع العامري,المتألق لتخليص المعاملات,سناو,سناو,شمال الشرقية
,ماهربن سالم بن محمد علي الدويكي,اضواء الكون الحديثة,سناو,سناو,شمال الشرقية
,ادهم سيف سعيد الراشدي,بشرى سناو لانجاز المعاملات,سناو,سناو,شمال الشرقية
,رحمة علي سعيد عامر الهاشميه,أمواج السديرة للتجارة,سناو,سناو,شمال الشرقية
,غسان بن حميد بن حمدون العامري,سفينة الردة الرقمية,سناو,سناو,شمال الشرقية
,موزه سالم عبدالله مصبح البراشدية,صفنان الماسية,سناو,سناو,شمال الشرقية
,خليل بن مسعود بن سعيد الراشدي,مؤسسة خليل الراشدي للتجارة,الحنضلي,سناو,شمال الشرقية
,حمد خلفان مسيعيد الشكيري,ابن مسيعيد الشكيري للتجارة,العقبة,ابراء,شمال الشرقية
,علي بن خادم بن ناصر السعدي,علي بن خادم السعدي,ابراء,ابراء,شمال الشرقية
,شنونة بنت سعيد بن علي الرميمية,معالم القابل للطباعة وتخليص المعاملات,ابراء,ابراء,شمال الشرقية
,حبيبة سليمان سيف العذوبي,روائع الزهور الحديثة للخدمات التجارية,ابراء,ابراء,شمال الشرقية
,خديجة بنت محمد بن سلطان المصلحي,الضؤ اللامع لخدمات السريعة,ابراء,ابراء,شمال الشرقية
,حمد بن محمد بن عدى المنجى,ريف الحايمة للتجارة,ابراء,ابراء,شمال الشرقية
,عائشة بنت حميد بن أحمد الدويكية,خط سيح الظبي للتجارة,ابراء,ابراء,شمال الشرقية
,محمد بن سعيد بن سيف السعدي,الإجادة للاعمال الحديثة,ابراء,ابراء,شمال الشرقية
,امل بنت عبدالله بن خلفان بن محمد الندابية,أمال الخير للخدمات التجارية,الثابتى,ابراء,شمال الشرقية
,سليمة بنت سالم بن راشد بن عيسى اليزيدية,روائع زهرة الربيع,الثابتى,ابراء,شمال الشرقية
,راشد سعيد محمد خميس المسكري,الريادة للخدمات السريعة للتجارة,الثابتى,ابراء,شمال الشرقية
,سالم حميد الصغير الوهيبي,انجازات بدية الرائدة للتجارة,الثابتى,ابراء,شمال الشرقية
,عامر بن سليمان بن عامر المسكري,مؤسسة عامر بن سليمان بن عامر المسكري,اليحمدى,ابراء,شمال الشرقية
,خالد بن عبدالله بن مسلم المسكري,مشاريع الكوفي للتجارة,الفليج,ابراء,شمال الشرقية
,عذراء سالم محمد الدويكية,اعالي ابراء للتجارة,العلاية,ابراء,شمال الشرقية
,الغاليه بنت سعيد بن خالد الدغيشيه,الضوء البراق للتجارة,العلاية,ابراء,شمال الشرقية
,هدى بنت يوسف بن سعيد الراشدية,مركز الود للطباعة والخدمات,العلاية,ابراء,شمال الشرقية
,خلود بنت سليم بن سالم المصلحي,خلود المصلحي للخدمات التجارية,الدكيك,ابراء,شمال الشرقية
,طلال بن علي بن حمدان المعمري,المعمري لخدمات الطباعة,الدكيك,ابراء,شمال الشرقية
,زمزم بنت سيف بن ناصر الحارثية,نسائم سيح العافية للتجارة,الدكيك,ابراء,شمال الشرقية
,نجية بنت علي بن حمد الحجري,منابع البستان للتجارة,بديه,بـــديــة,شمال الشرقية
,محمد بن جمعة بن محمد بن علي المدهوشي,الزعيم للتكنلوجيا الرقمية,بديه,بـــديــة,شمال الشرقية
,عبيد بن خالد بن هديب البلوشي,قلم بدية للتجارة,المنترب,بـــديــة,شمال الشرقية
,سعيد بن عامر بن محمد الحجري,مؤسسة جبل عرفات للخدمات التجارية,المنترب,بـــديــة,شمال الشرقية
,حمده بنت حمود بن محمد المسلمية,بدية الحديثة للطباعة,المنترب,بـــديــة,شمال الشرقية
,حمد بن عامر بن سيف الحجري,مؤسسة حمد عامر سيف الحجري,الغبى,بـــديــة,شمال الشرقية
,مرعي عبيد مبارك الحجري,منارة بدية للتجارة,الغبى,بـــديــة,شمال الشرقية
,عائشة بنت عامر بن سالم الحجري,نوافذ العطاء لخدمات الحاسب الآلي,الغبى,بـــديــة,شمال الشرقية
,ثمنى بنت سليم بن عبدالله بن حمد,لؤلؤة الإعمار للمشاريع الرائدة,الغبى,بـــديــة,شمال الشرقية
,عبدالله هدوب سبيح حمد الشعيبي,اضواء شمال الشرقية للخدمات,الغبى,بـــديــة,شمال الشرقية
,سالم بن محمد بن ناصر الحجري,سالم بن محمد بن ناصر الحجري,الظاهر,بـــديــة,شمال الشرقية
,حمود بن سلطان بن شامس الحجري,رمال بدية الحديثة للتجارة,الشارق,بـــديــة,شمال الشرقية
,احلام ضحي سرور البلوشي,برج الدريز لتخليص وتعقيب المعاملات,الدريز,القابل,شمال الشرقية
,حميدة بنت سليمان بن عبدالله البلوشي,زهرة المضيرب للتجارة,المضيرب,القابل,شمال الشرقية
,خولة بنت سعيد بن عامر ال خلفين,الاطلالةالرائعة للتجارة,المضيبى,المضيبي,شمال الشرقية
,سلمى بنت عامر بن خلفان الحبسي,موسسة الايادي المبدعة للتجارة,المضيبى,المضيبي,شمال الشرقية
,فتحية بنت خلفان بن سعيد الرواحي,مؤسسة مشارف عندام للتجارة,المضيبى,المضيبي,شمال الشرقية
,محمد بن احمد بن راشد الهيماني,شمس المحيطات لتخليص المعاملات,المضيبى,المضيبي,شمال الشرقية
,نصراء بنت سعيد بن حمد الحبسية,مشاريع مجد العطاء الحديثة للتجارة,المضيبى,المضيبي,شمال الشرقية
,مياء بنت خليفه بن سليمان بن حمد الدويكية,التألق للأعمال الحديثة,المضيبى,المضيبي,شمال الشرقية
,سليمان بن محمد بن سالم القنوبي,الطيف الثابت لللاعمال,المضيبى,المضيبي,شمال الشرقية
,وحيدة بنت سالم بن مسلم الهاشمي,سجايا الامل للتجارة,العينين,المضيبي,شمال الشرقية
,فاطمة بنت حميد بن سعيد القنوبي,حدائق الافلاج للتجارة,الافلاج,المضيبي,شمال الشرقية
,نصراء بنت علي بن سالم بن علي الوردية,الاستعلام الرقمي,سمد الشان,المضيبي,شمال الشرقية
,عبدالملك بن سعيد بن خلفان البوسعيدي,مشاريع بوابة الشريعة للتجارة,سمد الشان,المضيبي,شمال الشرقية
,عائشة بنت عبدالله بن سعيد السالمي,مشاريع ليالى الاخضر للتجارة,الاخضر,المضيبي,شمال الشرقية
,منى بنت مرهون بن سيف البدوية,مشاريع رمال الاخضر للتجارة,الروضه,المضيبي,شمال الشرقية
,سعاد سليمان سالم سليم الجابرية,امال المجد المتميز,الروضه,المضيبي,شمال الشرقية
,هلال بن خلفان بن ناصر الفارسي,الخدمات الحديثة للطباعة,خضراء بني دفاع,المضيبي,شمال الشرقية
,مازن سعيد العبد القنوبي,مشاريع بن سعيد العبد للتجارة,خضراء بني دفاع,المضيبي,شمال الشرقية
,خديجه خميس محمد حمد البوسعيدية,انجاز للخدمات الالكترونية,الجرداء,المضيبي,شمال الشرقية
,ثرياء بنت حمود بن حمد الشبيبية,لزق العالمية للتجارة,الضلع,المضيبي,شمال الشرقية
,تهاني بنت أحمد بن سالم الحسنية,اريج للخدمات,محلاح,دمـاء والطائييـن,شمال الشرقية
,أيمان بنت سعيد بن سيف بن زاهر السوطية,الوسيم لتنمية والخدمات,محلاح,دمـاء والطائييـن,شمال الشرقية
,شيخة بنت حميد بن محمد المعمري,نسيم عقداء للتجارة والمقاولات,محلاحي,دمـاء والطائييـن,شمال الشرقية
,منى بنت عبدالله بن صالح الشيزاوي,منى بنت عبدالله بن صالح الشيزاوي للتجارة,صحار,صــحـــار,شمال الباطنة
,بدرية حمدان عبيد الجابري,مشاريع الميار المتميزة,صحار,صــحـــار,شمال الباطنة
,خولة بنت سليمان بن علي المقبالي,شعاع الهمبار للتجارة,صحار,صــحـــار,شمال الباطنة
,صفية بنت علي بن نهيجل المقبالي,البدر المضي للتجارة,صحار,صــحـــار,شمال الباطنة
,زاهر بن سالم بن محمد الحامدي,طيبات الخد للتجاره,صحار,صــحـــار,شمال الباطنة
,تهاني بنت محمد بن سلمان العجمي,مؤسسة معالم شناص الوطنية للتجارة,صحار,صــحـــار,شمال الباطنة
,اميرة بنت سالم بن محمد الحامدية,درة شمال الباطنة للتجارة والمقاولات,صحار,صــحـــار,شمال الباطنة
,اشواق بنت خميس بن عبيد الشبلي,الجوهرة الرفيعة الوطنية,صحار,صــحـــار,شمال الباطنة
,رقية بنت محمد بن علي الهدابية,جمانة مجيس للتجارة,صحار,صــحـــار,شمال الباطنة
,أفراح بنت عبدالله بن أحمد الحضرمي,مشاريع العقيد المتحدة,صحار,صــحـــار,شمال الباطنة
,منى بن مصبح بن خلفان الجابرية,نورالفلج المميزة للتجارة,صحار,صــحـــار,شمال الباطنة
,ايمان بنت سالم بن غريب الحوسني,فجر صحار للطباعة على الشاشة,صحار,صــحـــار,شمال الباطنة
,فاطمه بنت عبدالله بن محمد السعديه,املاك الخليج للتجاره,صحار,صــحـــار,شمال الباطنة
,فاطمه بنت سالم بن محمد الشيزاوي,شموخ لوى العصرية,صحار,صــحـــار,شمال الباطنة
,عبدالله بن محمد بن ناصر الشكيلي,رموز الزاهية للتجارة,صحار,صــحـــار,شمال الباطنة
,موزه سرحان سالم العمرية,المحطة الاولى للانجاز,صحار,صــحـــار,شمال الباطنة
,ليلى بنت عبدالله بن خميس السعدي,مؤسسة ليلى بنت عبدالله بن خميس بن علي السعدي,الوقيبة,صــحـــار,شمال الباطنة
,شيخة بنت خميس بن حرشان المقبالية,سجايا الشمال للتجارة,العنبر,صــحـــار,شمال الباطنة
,فاطمة بنت خميس عبدالله الروشدي,الاتقان المتكامل للتجارة,فلج القبائل,صــحـــار,شمال الباطنة
,خولة بنت سعيد بن سالم العويني,أفاق صحم الماسية للتجارة,فلج القبائل,صــحـــار,شمال الباطنة
,مريم بنت خميس بن عبيد الجابريه,بهجة الفلج الحديثة للتجارة,فلج القبائل,صــحـــار,شمال الباطنة
,أحمد علي أحمد البلوشي,ألوان الحياة المميزة للتجارة,فلج القبائل,صــحـــار,شمال الباطنة
,نوره محمد عبيد البلوشية,دار صحار للاعمال,فلج القبائل,صــحـــار,شمال الباطنة
,نجلاء بنت علي بن سعيد الريسية,2138 - مشاريع العقيد المتميزة,فلج القبائل,صــحـــار,شمال الباطنة
,علي عبدالله الصوافي,علي الصوافي للتجارة والاستثمار,فلج القبائل,صــحـــار,شمال الباطنة
,صفيه علي حبيب الكيومية,مؤسسة المراسيل الحديثة,فلج القبائل,صــحـــار,شمال الباطنة
,ليلى بنت حمدان بن حسن المقبالي,زبرجد صحار للتجارة,صحار الصناعية,صــحـــار,شمال الباطنة
,شيخة بنت محمد بن خائف الحمداني,اجواء العين,الهمبار,صــحـــار,شمال الباطنة
,ابتسام بنت خديم بن سالم المقبالية,مدينة صحار الذكية للطباعة للتجارة,الهمبار,صــحـــار,شمال الباطنة
,سارة بنت باقر بن عبدالنور الفارسية,مشاريع الجوهرة الرفيعة,الهمبار,صــحـــار,شمال الباطنة
,خديجة بنت محمد بن سالمين الشيزاوي,مشاريع بريق الشاطئ الذهبي,الهمبار,صــحـــار,شمال الباطنة
,مريم بنت حمد بن خميس المعمري,خيرات الباطنة الذهبية ش ش و,الهمبار,صــحـــار,شمال الباطنة
,عبد الله بن محمد بن مبارك الروشدي,واحة البنفسج المتميزة,الهمبار,صــحـــار,شمال الباطنة
,فاطمة بنت خميس بن سالم المقبالي,سجايا الخليج العصرية للتجارة,الهمبار,صــحـــار,شمال الباطنة
,عائشة بنت سيف بن سليمان العيسائي,ظبية الدار المميزة للتجارة,الهمبار,صــحـــار,شمال الباطنة
,فاطمة بنت راشد بن عبيد الغيلانية,اقلام التخليص للتجارة,الهمبار,صــحـــار,شمال الباطنة
,بشرى بنت علي بن درويش العجمي,معالم الهمبار,الهمبار,صــحـــار,شمال الباطنة
,ابتسام بنت عليي بن سعيد الحامدى,جوهرة القصر الملكي للتجارة,الهمبار,صــحـــار,شمال الباطنة
,زينب بنت أحمد بن ابراهيم البلوشية,خريف ثمريت للتجارة والمقاولات,الهمبار,صــحـــار,شمال الباطنة
,مياسة بنت خلفان بن خميس الكندية,بنت الكندي للتجارة,الهمبار,صــحـــار,شمال الباطنة
,فاطمه بنت ناصر بن علي البادية,سحايب البريمي المميزة للتجارة,الهمبار,صــحـــار,شمال الباطنة
,سماح عبدالله عبدالمجيد البادية,اطلالة القمر الذهبي للتجارة,الهمبار,صــحـــار,شمال الباطنة
,موزة سعيد محمد الجهورية,جنوب الحد للمشاريع التجارية,الهمبار,صــحـــار,شمال الباطنة
,أحمد عبدالله خلفان البدواوي,روائع الجوهرة المتميزة,الهمبار,صــحـــار,شمال الباطنة
,ريان احمد قاسم النوفلية,رموز صحار الحديثة للتجارة,الهمبار,صــحـــار,شمال الباطنة
,سلوى بنت خليفة بن سيف الغفيلية,نعمل,الهمبار,صــحـــار,شمال الباطنة
,ثريا محمد عبدالرحمن الزدجالية,زوايا الهادي,الهمبار,صــحـــار,شمال الباطنة
,جواهر بنت خليفة بن راشد الشافعية,مركز الخدمات التجارية,العوينات,صــحـــار,شمال الباطنة
,محفوظة بنت سالم بن ظعين الروشدية,المراسيم المميزة للتجارة,مويلح,صــحـــار,شمال الباطنة
,عائشة بنت سعيد بن مبارك الفزارية,التقدم المستمر ش.م.م,مويلح,صــحـــار,شمال الباطنة
,شمساء عبدالله سعيد الكلبانية,شمس مويلح,مويلح,صــحـــار,شمال الباطنة
,فاطمة بنت عبدالله بن خلفان البدواوي,مؤسسة مزيونة شناص للتجارة,شناص,شناص,شمال الباطنة
,خميس بن هلال بن علي المزروعي,اعمار العقر للتجارة والمقاولات,شناص,شناص,شمال الباطنة
,سلطانة بنت علي بن محمد المزروعية,أجواء الغدير,شناص,شناص,شمال الباطنة
,ايمان سالم محمد الشامسية,مشاريع تكامل العالمية,شناص,شناص,شمال الباطنة
,سميه سليمان سعيد الريسية,تاج شناص للطباعة,سور المزاريع,شناص,شمال الباطنة
,ليلي بنت محمد بن ابراهيم البلوشية,دار الزمان للخدمات الزكية,العقر,شناص,شمال الباطنة
,ياسر بن حسن بن محمد البلوشي,ياسر حسن للطباعة و انجاز المعاملات,الغريفة,شناص,شمال الباطنة
,مريم مراد موسى البلوشية,رواسي شناص للتجارة,الغريفة,شناص,شمال الباطنة
,صفاء سعيد محمد الشيدية,1645 - الوصايف المتحدة للتجارة,الغريفة,شناص,شمال الباطنة
,موزة بنت علي بن سعيد المياسي,شهد شناص,حلة السوق,شناص,شمال الباطنة
,مريم عبيد خميس المعمري,ام فجر لتعقب المعاملات,الزاهية,لـــوى,شمال الباطنة
,شوق بنت خميس بن علي المياسية,براجيل لخدمات الطباعة,الزاهية,لـــوى,شمال الباطنة
,نادية بنت محمد بن خلفان المقبالي,محطة لوى للخدمات,فزح,لـــوى,شمال الباطنة
,مايدة بنت سعيد بن سالم الخروصية,الحبتور لتعقب المعاملات,لوى الجديدة,لـــوى,شمال الباطنة
,جمال بن عبدالله بن علي العجمي,جمال التاجر ش ش و,لوى الجديدة,لـــوى,شمال الباطنة
,قاسم بن محمود بن عبدالله العجمى,براحة لوى للتجارة,لوى الجديدة,لـــوى,شمال الباطنة
,محمد بن سند بن هلال الريسي,شركة صدارة النجاح للطباعة وانجاز المعاملات,لوى الجديدة,لـــوى,شمال الباطنة
,ليلى حسن علي العجمية,عبق الزمان للتجارة,لوى,لـــوى,شمال الباطنة
,حنان بنت مبارك بن جمعة الزدجالية,شاطى نبر العصرية للتجارة,لوى,لـــوى,شمال الباطنة
,حسين محمد خلفان المعمري,القلم اللامع للتجارة,لوى,لـــوى,شمال الباطنة
,غصن عبدالله خميس المعمري,ثراء الشموخ للخدمات التجارية,صحم,صحم,شمال الباطنة
,سوسن بنت عبدالله بن سالمين الحمدانية,ملاك الريان للخدمات,مخيليف,صحم,شمال الباطنة
,نوف بنت عبدالله بن محمد البريكية,دانة العريق للتجارة,الردة,صحم,شمال الباطنة
,عبدالله بن ناصر بن عبدالله الخالدي,البندر الخضراء للتجارة,ديل ال بريك,صحم,شمال الباطنة
,ابتسام بنت سعيد بن جمعة البرامية,مرتفعات السيل الكبير,حفيت,صحم,شمال الباطنة
,خلفان سالم خلفان المعمري,سحائب الطيبات,حفيت,صحم,شمال الباطنة
,حنان درويش خميس الزعابي,مشاريع الحنايا للتجارة,حفيت,صحم,شمال الباطنة
,سالم بن مرهون بن سالم المعمري,انوار الجزيرة الحديثة للتجارة,حله البرج,صحم,شمال الباطنة
,شهاب بن محمد بن حبيب المعمري,قلاع الغيث للتجارة,حله البرج,صحم,شمال الباطنة
,مروى بنت سالم بن مسعود التروانية,قصر النجاح للتجارة,الفليج,صحم,شمال الباطنة
,محمد بن حميد بن مسعود البادي,عبير الطيبات,الحويل,صحم,شمال الباطنة
,ميعاد بنت سعيد بن عبيد البريكي,ربوع الريان المتميزة للتجارة,الحويل,صحم,شمال الباطنة
,حمد بن هويشل بن مسلم المعمري,نور الشهب للخدمات والتجارة,الحويل,صحم,شمال الباطنة
,فايزة بنت سليمان بن محمد السنانية,سهم الروضه للتجاره,الحويل,صحم,شمال الباطنة
,شيخة بنت زايد بن سالم ال سلام,ربوع السلام المتحدة للتجارة,الحويل,صحم,شمال الباطنة
,زينب بنت محمد بن عبدالله السعيدي,شعاع المجد الحديث للتجارة والنقاولات,الحويل,صحم,شمال الباطنة
,امينة بنت سالم بن سعيد الشاعر,اعمار صحم لتعقب المعاملات,الحويل,صحم,شمال الباطنة
,عهود بنت طالب بن سالم النزوانية,بيت الطباعة,الحويل,صحم,شمال الباطنة
,ريم بنت جمال بن يوسف االزواوية,درة صحم العصرية,الحويل,صحم,شمال الباطنة
,مازن بن ربيع بن راشد العيدي,الاسيل الدولية للتجارة ش ش م,الحويل,صحم,شمال الباطنة
,فاطمة بنت علي بن صالح الفارسية,شعاع التميز,الحويل,صحم,شمال الباطنة
,علياء بنت علي بن جمعة العموري,بوابة السور للتجارة,رويلة الزعاب,صحم,شمال الباطنة
,هدى بنت خليفة بن سعيد البريكية,مؤسسة منارة حفيت للتجارة,الصحمى,صحم,شمال الباطنة
,منيرة بنت مرهون بن علي المكتومية,امال الخير للتجارة,الحويل الجديده,صحم,شمال الباطنة
,سالمين بن علي بن حميد البلوشي,حصون السور العالمية,الحويل القديمه,صحم,شمال الباطنة
,سلطان عبدالله سلطان السعيدي,مؤسسة رواد الإنجاز للاعمال,الحويل القديمه,صحم,شمال الباطنة
,اصيلة هلال عبدالله الحوسني,الحدائق الغناء للتجارة,الخابورة,الــخــابـورة,شمال الباطنة
,وليد فهد ناصر الحوسني,شعاع الخابورة الوطنية,الخابورة,الــخــابـورة,شمال الباطنة
,عائشة بنت علي بن سعيد السعيدي,عائشة بنت علي بن سعيد السعيدي للتجارة,الخابورة,الــخــابـورة,شمال الباطنة
,ايمان بنت حمد بن سعيد السعيدية,الوافي للخدمات,الخابورة,الــخــابـورة,شمال الباطنة
,نوف بنت خميس حماد السعيدية,حصون البريمي التراثية للتجارة والمقاولات,الخابورة,الــخــابـورة,شمال الباطنة
,عائشة بنت راشد بن ناصر البداعية,الانجاز المحترف للخدمات,السرحات,الــخــابـورة,شمال الباطنة
,نعيمة بنت علي بن سعيد السعيدية,ملاك الشرق العصرية للتجارة,السرحات,الــخــابـورة,شمال الباطنة
,خليفة بن راشد بن صالح الدرمكي,طاهر للتجارة,السرحات,الــخــابـورة,شمال الباطنة
,عبدالمنعم بن ابراهيم بن صالح العجمي,لمسات الخابورة للاعمال الحديثة,المسيلة,الــخــابـورة,شمال الباطنة
,سناء بنت درويش بن نصيب المشيفري,موسسة سناء بنت درويش المشيفري للتجارة,حارة السوق,الـسـويـــق,شمال الباطنة
,مريم قاسم محمد العجمية,فدك لانجاز المعاملات,حارة السوق,الـسـويـــق,شمال الباطنة
,امل بنت خليفه سالم الحوسنية,شموخ التفوق للاعمال,الحجيره,الـسـويـــق,شمال الباطنة
,جاسم بن عبيد بن علي العجمي,ابو سجى العجمي للتجارة,الافراض,الـسـويـــق,شمال الباطنة
,وفاء بنت درويش بن جميل النوفليه,الاوبال للمشاريع التجارية,الفاو,الـسـويـــق,شمال الباطنة
,سامية بنت سالم بن حارب البريكي,بنت الساحل لخدمات الطباعة,الثرمد,الـسـويـــق,شمال الباطنة
,صفية بنت حمد بن عبدالله الحمادي,ارض الشموخ الوطنية,الثرمد,الـسـويـــق,شمال الباطنة
,خميس بن عبدالله بن احمد الريامي,روائع السويق الشاملة,الثرمد,الـسـويـــق,شمال الباطنة
,محمد سيف الجهوري,مزون ضيان للتجارة,ضيان الجهاور,الـسـويـــق,شمال الباطنة
,فاطمة بنت سالم بن محمد السعيدية,ريف الباطنة المميزة للتجارة,ضيان البوارح,الـسـويـــق,شمال الباطنة
,نوار بنت سعيد بن مرهون السعيدية,أركان السويق للتجارة,البداية,الـسـويـــق,شمال الباطنة
,سليمان بن راشد بن سيف الربيعي,عميد الباطنة للمشاريع الحديثة,البداية,الـسـويـــق,شمال الباطنة
,فاطمة محمد سعيد السناني,الابداع النموذجي,البداية,الـسـويـــق,شمال الباطنة
,عنود بنت خمبس بن عبدالله النعيمية,الابداع المختلف للتجارة,البداية,الـسـويـــق,شمال الباطنة
,حليمه بنت سالم بن عبدالله البلوشي,اضواء ضيان العصريه للتجارة,البداية,الـسـويـــق,شمال الباطنة
,سلطان سهيل علي الكيومي,البداية للانجاز المميز,البداية,الـسـويـــق,شمال الباطنة
,سارة بنت علي بن مصبح المخمري,الهبة الثابتة للتجارة ش ش و,بطحاء آل هلال,الـسـويـــق,شمال الباطنة
,الزهراء بنت محمد بن خلفان بنسعيد السيابية,جوهرة الزمرد الوطنية,خضراء آل سعد,الـسـويـــق,شمال الباطنة
,هيثم خميس سليمان العجمي,هيثم العجمي للمشاريع التجارية,السويق,الـسـويـــق,شمال الباطنة
,زينب بنت الحبشي بن بيدار العوادية,رمال حلة الجود للتجارة,السويق,الـسـويـــق,شمال الباطنة
,علي بن حميد بن ناصرالصالحي,مشاريع الصالحي الحديثة,السويق,الـسـويـــق,شمال الباطنة
,عبدالحليم بن سهيل بن علي الكيومي,عبدالحليم الكيومي للتجاره,السويق,الـسـويـــق,شمال الباطنة
,عبير بنت جاسم بن محمد النعيمي,بركة الخضراء للتجارة,السويق,الـسـويـــق,شمال الباطنة
,فاطمة بنت حمود بن خميس المقبالية,مراعي الحجيرة للتجارة والمقاولات,السويق,الـسـويـــق,شمال الباطنة
,اماني بنت محمد بن حسن البلوشية,ضياء الخضراء للتجاره,السويق,الـسـويـــق,شمال الباطنة
,عائشة بنت علي بن سالم الجهورية,أعجوبة الشرق للتجارة,السويق,الـسـويـــق,شمال الباطنة
,نعيمة بنت ناصر بن سيف الكلبانية,روابي حيل الغافة للتجارة,البطحاء الجديدة,الـسـويـــق,شمال الباطنة
,جاسم عيسى سعيد الصالحي,مشاريع العلا الحديثة,البطحاء الجديدة,الـسـويـــق,شمال الباطنة
,أمل بنت سالم بن راشد الحوسنية,المكتب التقني الحديث لتعقب المعاملات و طباعة المستندات,الخضراء,الـسـويـــق,شمال الباطنة
,ميعاد صالح مبارك حمدان الجديدية,أرين للخدمات المتكاملة,الوسطى,الـسـويـــق,شمال الباطنة
,رضية بنت موسى بن حسين البلوشي,موسم المطر للتجارة,البطحاء,الـسـويـــق,شمال الباطنة
,رابعة بنت سالم بن سعيد العدواني,سماء السويق الماسية,البطحاء,الـسـويـــق,شمال الباطنة
,سماح عبدالله خليغة البلوشي,الظفرة لخدمات البطاقة الذكية,البطحاء,الـسـويـــق,شمال الباطنة
,المهلب حسن احمد البلوشي,السداسية المتكاملة للتجارة,البطحاء,الـسـويـــق,شمال الباطنة
,محفوظه سليمان ثاني المغيزوية,العصماء للخدمات التجارية,خبة أل خميس,الـسـويـــق,شمال الباطنة
,فائزه محمد خميس الشكيلية,ربوع السويق المتميزة,خضراء ال رشيد,الـسـويـــق,شمال الباطنة
,اميرة بنت ثاني بن تعيب بنت عبدالله الصالحية,خزامى بنفسجية للتجارة,خضراء ال رشيد,الـسـويـــق,شمال الباطنة
,منال بنت علي بن سيف الجهوري,مكتب لؤلؤة الخضراء للخدمات المتكاملة,سيح الرحمات,الـسـويـــق,شمال الباطنة
,سناء بنت احمد بن محمد الشحي,نواعم خصب للتجارة,خصب,خصب,مسندم
,مزيود بن سليمان بن محمد الشحي,ميدان النجاح للتجارة,خصب,خصب,مسندم
,منال بنت سالم بن سعيد الحوسني,بلورة مسندم للتجارة,خصب,خصب,مسندم
,أنيسة بنت سليمان بن سعيد الجهورية,بيان مسندم,خصب,خصب,مسندم
,كوثر محمدأمين عبدالله الجزمية,الجزم للتجارة,خصب,خصب,مسندم
,انور بن عبدالله بن احمد الشحي,انور عبدالله للتجارة,بخا,بــخــــا,مسندم
,نصرة بنت محمد زمان بن كامل الرئيسي,حول البيعة للتجارة,سيح الدير,دبـــــا البـيـعـة,مسندم
,موزة عبدالله احمد سالمين الشحي,موسسة البرغوم للتجارة,دبا البيعة,دبـــــا البـيـعـة,مسندم
,سميرة بنت راشد بن عبدالله الشحي,مرجان البيعة للتجارة,دبا البيعة,دبـــــا البـيـعـة,مسندم
,حليمة بنت محمد بن سليمان الشحية,نجوم دباء الذهبية,دبا البيعة,دبـــــا البـيـعـة,مسندم
,نوال بنت عبدالله بن احمد المدحانية,سرايا مدحا للتجارة,مدحاء الجديدة,مدحا,مسندم
,نسرين عبدالله احمد المدحانية,سجايا مدحاء للتجارة,مدحاء الجديدة,مدحا,مسندم
,شيخة بنت سالم بن خلفان اليعقوبية,فخر عبري للتجارة,العبور,عــبــري,الظاهـرة
,ماجد بن سالم بن سيف الكلباني,الوتد الصاعد للتجارة,مقنيات,عــبــري,الظاهـرة
,ابراهيم بن محمد بن ناصر الكلباني,مشاريع امجاد الحاجر المتميزة,مقنيات,عــبــري,الظاهـرة
,راشد بن سالم بن حمد القمشوعي,روضة الأمجاد للتجارة,المرتفع,عــبــري,الظاهـرة
,بشرا بطي عواد الشكيلية,طموح المستقبل الفضية,المرتفع,عــبــري,الظاهـرة
,اسماعيل بن سالم بن خميس الهنائي,الاختيار للخدمات,المرتفع,عــبــري,الظاهـرة
,حمود بن حميد بن حمد العبري,ربوع العراقي المتطورة,حمراء الدروع,عــبــري,الظاهـرة
,فنه بنت حمود بن علي الدرعية,حمراء الدروع للاستثمار,حمراء الدروع,عــبــري,الظاهـرة
,وضحى بنت خلفان بن عبيد البادية,حوراء البريمي للتجارة,الخضراء,عــبــري,الظاهـرة
,مريم بنت عبدالله بن سالم المقبالي,مشاريع ورود الأندلس الذهبية,عبرى,عــبــري,الظاهـرة
,عزاء بنت خالد بن علي الرقيشي,رونق يثرب للتجارة,عبرى,عــبــري,الظاهـرة
,شيخة بنت سعيد بن علي البادي,بوادر الجزيرة للتجارة,عبرى,عــبــري,الظاهـرة
,زهرة بنت يوسف بن عباس العجمي,جنائن الواعدة للتجارة,عبرى,عــبــري,الظاهـرة
,زيانة بنت راشد بن حميد البحري,اسناد عبري للتجارة (الصقر العربي للتجارة(,عبرى,عــبــري,الظاهـرة
,رحمة بنت ناصر بن عبدالله العبرية,ملاك عبري للتجارة,عبرى,عــبــري,الظاهـرة
,جميلة بنت صالح بن سالم الهطالي,غلا عبري للتجارة,عبرى,عــبــري,الظاهـرة
,منيرة بنت محمد بن حميد المجرفية,بوابة الاتقان للتجارة,عبرى,عــبــري,الظاهـرة
,طرفة بنت حمد بن سالم المقبالي,ربوع مجان للطباعة وتعقب المعاملات,عبرى,عــبــري,الظاهـرة
,نورة بنت محمد بن خليل الشكيلي,شهد عبري الذهبية,عبرى,عــبــري,الظاهـرة
,بدرية بنت علي بن ناصر السعيدية,أوتار عبري الماسية,عبرى,عــبــري,الظاهـرة
,هناء سعيد معضد مبارك البلوشية,نسمات عبري,الاخضر,عــبــري,الظاهـرة
,أحمد حمدان محمد الغافري,خط العينين للتجارة,العينين,عــبــري,الظاهـرة
,آمنه بنت جمعه بن عبيد بن سليّم العبرية,الغيث للمشاريع الرائدة,العينين,عــبــري,الظاهـرة
,بشرى بنت سالم بن محمد المقبالية,مشارف ينقل للأستثمار,عملا,عــبــري,الظاهـرة
,رحمة بنت خلفان بن خميس الكلبانية,أماسي مجان للتجارة,الظاهرة,عــبــري,الظاهـرة
,سيف بن جبر بن حميد المعمري,مها هجيرمات,هجيرمات,عــبــري,الظاهـرة
,سليمان سعيد مرشد الفارسي,مشاريع معالم شمال الظاهرة,الصوادر,يـنــقــل,الظاهـرة
,فهد حسين علي سيف الفارسي,سماء المحيول للمشاريع المتكاملة,الصوادر,يـنــقــل,الظاهـرة
,أفراح بنت خميس بن هويشل العلوي,صمت الصحاري,السوق,يـنــقــل,الظاهـرة
,رحمة بنت سعيد بن راشد الشماخي,البصيلي للتجارة,ضنك,ضنك,الظاهـرة
,شمسة بنت مصبح بن خميس الشكرية,مرايا للمشاريع الرائدة,ضنك,ضنك,الظاهـرة
,أمل سالم محمد سالم الشكيلية,منصة الأمل للأعمال,المحضراني,ضنك,الظاهـرة
,رابحه بنت خميس بن مسعود اليعربي,اضواء مدينة السلام للتجارة,نزوى,نــــزوى,الداخلية
,فايزة بنت هلال بن محمد البوسعيدي,هديل الشرق للتجارة,نزوى,نــــزوى,الداخلية
,المختار بن سالم بن عبدالله الاسحاقي,مشاريع الاسحاقي المتحدة,نزوى,نــــزوى,الداخلية
,يسرى بنت مسلم بن سالم التوبي,مشاريع مفاتيح المستقبل الحديثة,نزوى,نــــزوى,الداخلية
,علياء بنت علي بن سالم الفرقاني,هضبة تنوف(الواعد للطباعة والترجمة,نزوى,نــــزوى,الداخلية
,محمد بن ناصر بن سعود النبهاني,روابي المدة للتجارة,نزوى,نــــزوى,الداخلية
,ابتسام بن سليمان بن صالح الكندي,الوسام للطباعة وتخليص المعاملات,نزوى,نــــزوى,الداخلية
,بدرية بنت عبدالله بن مصبح الصباري,ميثاق الداخلية للتجارة,نزوى,نــــزوى,الداخلية
,ايمان بنت سيف بن ناصر البوسعيدية,مشاريع بركات الخليج الشاملة,نزوى,نــــزوى,الداخلية
,احمد بن محمد بن سالم البرطماني,الانجاز المبدع للتجارة,نزوى,نــــزوى,الداخلية
,مروة بنت مال الله بن الحاج جمعة الزدجالية,الرائدة للتجارة,كرشا,نــــزوى,الداخلية
,وعد سعود سالم الرقيشية,ريادة المستقبل للاعمال,حي التراث الجنوبي,نــــزوى,الداخلية
,مؤيد مطر راشد محمد التوبي,بوارق مجان الذهبية,بركة الموز,نــــزوى,الداخلية
,ماجد سعيد سيف التوبي,واجهة الاتقان للخدمات,طيمسا,نــــزوى,الداخلية
,مروه بنت احمد بن محمد الشيباني,مشاريع عجائب الخزينة,بركة الموز,نــــزوى,الداخلية
,محمد بن ناصر بن سيف الطيواني,البوارق الذهبية المتميزة,الغنتق,نــــزوى,الداخلية
,موزة بنت خالد بن هلال النبهاني,نجوم نزوى الذهبية,المده,نــــزوى,الداخلية
,أمل بنت ناصر بن سيف الصقرية,نور الخليج للمشاريع الوطنية,المده,نــــزوى,الداخلية
,وليد بن محمد بن علي المغيري,شموخ الغنتق للتجارة ( الاتقان للطباعة ),فرق,نــــزوى,الداخلية
,خالد بن خليفه بن خلفان الشكري,أرياف مزون للتجارة,فرق,نــــزوى,الداخلية
,محمد بن خلفان بن ناصر الفهدي,الإمتيازلإنجاز وتخليص المعاملات,فرق,نــــزوى,الداخلية
,ليث بن سيف بن حمد الفهدي,المجد اللامع الذهبي,فرق,نــــزوى,الداخلية
,وائل بن محمد بن سعيد الحراصي,مرتفعات نزوى الذهبية للتجارة,فرق,نــــزوى,الداخلية
,عائشه بنت عبدالله بن مهنا أولادثاني,ريادة الشرق,الخضراء,نــــزوى,الداخلية
,سالم منصور ناصر المحمودي,ابن المحمودي للتجارة,سمائل,سمائل,الداخلية
,جوخة بنت سالم بن عبدالله الخيالي,مشاريع الخيالي الوطنية للخدمات الذكية,سمائل,سمائل,الداخلية
,هديل بنت يحي بن خلف الخصيبة,مؤسسة الحروف الذكية لخدمات البطاقة الذكية,سمائل,سمائل,الداخلية
,نسرين بنت ناصر بن حمود الراشدية,ممر الثقة للتجارة,سمائل,سمائل,الداخلية
,طيف بنت ناصر بن خلفان المحاربية,ازهارالوادي الاخضر,سمائل,سمائل,الداخلية
,فاطمة بنت سالم بن سحلوف الريامية,مؤسسة دوحة الغبيراء للتجارة,المدرة,سمائل,الداخلية
,شمساء سليمان حمد الرواحية,ثراء الشمس,المدرة,سمائل,الداخلية
,شيماء احمد محمد الرواحية,حبر النجاح,المدرة,سمائل,الداخلية
,منى بنت خليفة بن مبارك اليعربية,سند سمائل للتجارة,المدرة,سمائل,الداخلية
,مديحة بنت سليمان بن خلفان أولاد ثاني,مرتفعات سبأ للتجارة,الخوبار,سمائل,الداخلية
,شيخة بنت عبدالله بن محمد الحسينية,مستقبل المجد الوطنية للتجارة,لزغ,سمائل,الداخلية
,حمد سعيد حمد حمود الرواحي,مشاريع الفجر البرونزية,لزغ,سمائل,الداخلية
,عبدالله بن محمد بن سالم العدوي,عبدالله بن محمد بن سالم العدوي للتجارة,بهلاء,بــهـــلاء,الداخلية
,محمد بن سالم بن حمد الشقصي,المستقبل للخدمات السريعة,بهلاء,بــهـــلاء,الداخلية
,فاطمة بنت حمدان بن خلف العبرية,صبا بهلاء للتجارة,بهلاء,بــهـــلاء,الداخلية
,ابوبكر بن سالم بن محمد بن سويلم التميمي,الخطط الذهبية للتجارة,بهلاء,بــهـــلاء,الداخلية
,خلفان بن خميس سالم الرجيبي,مشاريع لؤلؤة الصيف للتجارة,الغافات,بــهـــلاء,الداخلية
,بسمة بنت حمود بن سعيد الشكيلية,الحجر الذهبي لانجاز وتخليص المعاملات,بسياء,بــهـــلاء,الداخلية
,محمد مسعود محمد المزاحمي,مؤسسة الجمامه للتجارة والمقاولات,جبرين,بــهـــلاء,الداخلية
,أميرة بنت علي بن سعيد الراشدي,الرتاج الذهبي لإنجاز وتخليص المعاملات للتجارة,المعمورة,بــهـــلاء,الداخلية
,محمد بن ناصر بن مسهر العلوي,السريع لتخليص المعاملات,المعمورة,بــهـــلاء,الداخلية
,خلود حمود حمد العميرية,أرجوان الحبي للتجارة,الحبي,بــهـــلاء,الداخلية
,احمد بن سعيد بن زهران الشقصي,الانجاز السريع لخدمات الذكية,حي السعد,بــهـــلاء,الداخلية
,عبد الله بن محمد بن حميد بن القصابي,أصيل بهلا للتجارة,السويح,بــهـــلاء,الداخلية
,حمد بن علي بن حمود البوسعيدي,مشاريع إشراقة-ادم للتجارة,ادم,ادم,الداخلية
,رحمة بنت سليم سالم المحروقي,جنائن القصور للتجارة,ادم,ادم,الداخلية
,ادريس بن يعقوب بن عامر الشيباني,ادريس الشيباني للخدمات الذكية,الفليج,ادم,الداخلية
,محمد بن حمود بن مرهون الهطالي,مساعي الخليج للتجارة,القلعه,ادم,الداخلية
,ميمونة بنت جابر بن علي العبري,شمس الانجاز للتجارة,الحمراء,الحمراء,الداخلية
,عبدالله بن عدي بن ناصر العبري,آفاق القرية للتجارة,الحمراء,الحمراء,الداخلية
,نجاح بنت علي بن غانم الصبحية,رحيق البيلسان,وادي غول,الحمراء,الداخلية
,عبير بنت علي بن سليمان العبري,التميز والسرعة,وادي غول,الحمراء,الداخلية
,يحيى بن محمد بن حمد الجنيبي,مؤسسة دوحة الشهامة للتجارة,منح,منح,الداخلية
,بشرى ضحي خميس البوسعيدية,همس الروح للتجارة,منح,منح,الداخلية
,مهند جمعه خميس البوسعيدي,مشاريع الاعتماد الفضية,الفيقين,منح,الداخلية
,خليفة بن عايل بن سعيد الخلاسي,أبو عبدالله الخلاسي للتجارة,سدى,ازكي,الداخلية
,ماريه بنت حمد بن حمود الرواحية,وسام ازكي الذهبي,سدى,ازكي,الداخلية
,محمد بن ناصر بن محمد العمري,العرقوب للخدمات والأعمال,سدى,ازكي,الداخلية
,سعيد بن سالم بن حمد العامري,مشاريع السموء الفضية للتجارة,قلعة العوامر,ازكي,الداخلية
,سليمة بنت سعيد حمود بن حمود الرحبية,ترانيم السوق القديم,قلعة العوامر,ازكي,الداخلية
,سهام بنت يونس بن علي العامرية,همس الحنايا للتجارة,إزكي,ازكي,الداخلية
,هدى بنت سليمان بن علي العزرية,جرنان للخدمات المتميزه,إزكي,ازكي,الداخلية
,صفيه بنت أحمد بن حمد الحنظلية,العلم للمشاريع العصرية,إزكي,ازكي,الداخلية
,رحمة بنت عبدالله بن علي الريامي,زهور جرنان للتجارة,الغليل,ازكي,الداخلية
,العنود صالح محمد حمدان العزرية,الركن اليماني الذهبي,الطوق,ازكي,الداخلية
,منى بنت عبدالله بن سالم السيابي,ابراج الشرق الوطنية,بدبد,بدبد,الداخلية
,وليد بن سالم بن عبدالله العبري,وليد العبري للتجارة,فنجاء,بدبد,الداخلية
,سامية بنت راشد بن عامرالسيابية,بوادي نفعاء للتجارة,فنجاء,بدبد,الداخلية
,وليد بن سيف بن سالم الفهدي,درر المثالية للتطوير والخدمات الادارية,فنجاء,بدبد,الداخلية
,عبير بنت عبدالله بن هلال السليمية,مشاريع الملتقى الزاهرة,سيح المعيدن,بدبد,الداخلية
,محمد حميد علي سالم الرحبي,اسرار النجاح للاستثمار,سيح المعيدن,بدبد,الداخلية
,سمية بنت مصبح بن منصور الصقرية,غيوم الجبل الاخضر الذهبية,الجبل الأخضر,الجبل الأخضر,الداخلية
,اصيلة بنت منصور بن احمد الصقري,مستدام للأعمال,الجبل الأخضر,الجبل الأخضر,الداخلية
,صالح بن مبارك جمعة العريمي,وسام النصر للتجارة,صور,صور,جنوب الشرقية
,بلقيس بنت عبدالله عبد الرحمن الهوتي,مؤسسة الطباعة الحديثة المتميزة,صور,صور,جنوب الشرقية
,سعيد بن علي بن عامر الهاشمي,ريماس الشرقية للتجارة,صور,صور,جنوب الشرقية
,محمد بن عوض بن صالح السرحاني,البطاقة الماسية للتجارة,صور,صور,جنوب الشرقية
,رحمة بنت مسلم بن خلفان الدروشية,مشاريع اطلالة العفية للتجارة,صور,صور,جنوب الشرقية
,علي بن سعيد بن علي الحكماني,الانظمة المتكاملة الحديثة,صور,صور,جنوب الشرقية
,زينب بنت خميس سعيد الغيلاني,الاضحى للتجارة,صور,صور,جنوب الشرقية
,ثنية بنت سعيد بن خميس بن ذخير الداودية,نقاء الطيب للتجارة,صور,صور,جنوب الشرقية
,فتحية بنت عبدالله بن علي الدرمكي,سند العفية الشاملة للخدمات,صور,صور,جنوب الشرقية
,شيخه بنت عبدالله بن سعيد بن سالم المشرفية,شيخه المشرفي للتجارة ش ش و,صور,صور,جنوب الشرقية
,احمد بن ناصر بن محمد الشماخي,وسام العفية للتجارة,صور,صور,جنوب الشرقية
,زينب عبدالله محمد المخينية,تساهيل العفية المتميزة,صور,صور,جنوب الشرقية
,خميس بن سليم بن محمد الرزيقي,اليسر للطباعة وتصوير المستندات,القرحة,صور,جنوب الشرقية
,وضحى حمد مسلم العلوية,طيور نعمة للأعمال,الصناعية,صور,جنوب الشرقية
,عبدالملك بن محفوظ بن محمد السناني,الحرف الماسي للتجارة,سنيسله,صور,جنوب الشرقية
,وفاء بنت حمد بن عبدالله الفراجية,الترف للخدمات والطباعه,طيوى,صور,جنوب الشرقية
,سلوى بنت سالم بن جميل الرزيقية,سند الشرقية المتميز,سيح المطار,صور,جنوب الشرقية
,عبدالواحد بن عبدالله بن نصيب العريمي,مركز صور للخدمات,الشرية,صور,جنوب الشرقية
,خديجة بنت خميس بن سعيد العريمي,مؤسسة غزال الصط للتجارة,الشرية,صور,جنوب الشرقية
,صنعاء بنت حمد بن حليس السناني,بهجة الريحان للتجارة,الشرية,صور,جنوب الشرقية
,سعيد بن خميس بن سليم المشرفي,نبراس الغليلة للتجارة,الشرية,صور,جنوب الشرقية
,رجاء بنت عبدالله بن خميس العريمي,مشاريع اضواء صور المتكاملة,الشرية,صور,جنوب الشرقية
,مريم بنت سالم بن صالح الغيلانية,جنائن صور الشاملة للتجارة,الشرية,صور,جنوب الشرقية
,وليد بن مسلم بن خميس بن سليم المشرفي,الشاطر للطباعة,الشرية,صور,جنوب الشرقية
,عبدالله سالم عبدالله المخيني,سماء العفية الزرقاء,الشرية,صور,جنوب الشرقية
,منى بنت حسين بن يوسف العريمي,ابداعات المتميزة للتجارة,الساحل,صور,جنوب الشرقية
,بدر بن ناصر بن محمد خميس المشرفي,مؤسسة أبو ناصر الرائدة للتجارة,البر,صور,جنوب الشرقية
,حمد ناصر علي العامري,رأس الحد للتجارة,رأس الحد,صور,جنوب الشرقية
,فتحية بنت علي بن راجح اليماني,شمس الشامخية للتجارة,حلف,مصيرة,جنوب الشرقية
,نصرا بنت عبدالله بن مسلم الحكماني,القلم الماسي للتجارة,حلف,مصيرة,جنوب الشرقية
,سليمة حمود الساعدية,نور الجزيرة العصرية للتجارة,حلف,مصيرة,جنوب الشرقية
,وصايف بنت سعيد بن عقيل الفارسي,مشاريع نبض الجزيرة للتجارة والمقاولات,حلف,مصيرة,جنوب الشرقية
,نورا بنت سعيد بن حمد القرمشية,خط الشامخية الذهبي,حلف,مصيرة,جنوب الشرقية
,منى بنت غاشم بن سالم السلماني,المنى العصرية للتجارة,مصيره,مصيرة,جنوب الشرقية
,سليمة بنت سالم بن حمد الهاشمي,المجد العريق للتجارة,الكامل والوافي,الكـامل والـوافـي,جنوب الشرقية
,نافجة بنت حمد بن محمد الهاشمي,حصون الكامل للتجارة,الكامل والوافي,الكـامل والـوافـي,جنوب الشرقية
,عبدالعزيز بن عبدالله بن حميد النصيري,دعائم الخير للتجارة,الكامل,الكـامل والـوافـي,جنوب الشرقية
,مسلم بن علي بن محمد المرهوبي,الكامل الواطنية للتجارة,الكامل,الكـامل والـوافـي,جنوب الشرقية
,ناصر بن وني بن علي المرهوبي,دار السلام الحديثة للتجارة,الكامل,الكـامل والـوافـي,جنوب الشرقية
,ناصر بن راشد بن عبدالله الراسبي,رياحين الوافي للتجارة,الوافى,الكـامل والـوافـي,جنوب الشرقية
,سالم بن راشد بن سالم بن خلفان الراسبي,مؤسسة شروق الكامل للتجارة,الوافى,الكـامل والـوافـي,جنوب الشرقية
,جاسم محمد راشد الراسبي,شموخ المحافظات,الوافى,الكـامل والـوافـي,جنوب الشرقية
,ملكه جمعه مبارك الهاشمية,الفريق الذكية للتكنولوجيا,سيق,الكـامل والـوافـي,جنوب الشرقية
,أحمد سالم حمود الخضوري,احمد بن سالم بن حمود الخضوري للتجارة,طهوه,الكـامل والـوافـي,جنوب الشرقية
,يسرى بنت يوسف بن صالح الهاجري,البرق الساطع للتجارة,جعلان بنى بو على,جـعـلان بنى بـوعـلى,جنوب الشرقية
,عائشة حمد راشد السنيدية,رمال سيحون للتجارة,جعلان بنى بو على,جـعـلان بنى بـوعـلى,جنوب الشرقية
,عبدالعزيز بن عبدالله بن حمد السنيدي,مشاريع عبدالعزيزعبدالله السنيدي,جعلان بنى بو على,جـعـلان بنى بـوعـلى,جنوب الشرقية
,منيرة بنت خميس علي السنيدية,مراسيم جعلان الخدمات,جعلان بنى بو على,جـعـلان بنى بـوعـلى,جنوب الشرقية
,سند بن سالم بن حمد الجعفري,شروق الاشخرة للتجارة,الاشخرة,جـعـلان بنى بـوعـلى,جنوب الشرقية
,انس حمد جمعه الحربي,البشائرالمشاريع الراقية التجارية,الاشخرة,جـعـلان بنى بـوعـلى,جنوب الشرقية
,عيسى راشد حمد راشد الجعفري,رونق الاشخرة الشاملة للتجارة,الاشخرة,جـعـلان بنى بـوعـلى,جنوب الشرقية
,سيف سويلم خميس الجعفري,نديم الشرقية,الاشخرة,جـعـلان بنى بـوعـلى,جنوب الشرقية
,سالمة بنت سعيد بن خميس الساعدية,أطلس الساحل المتميز,سيح السندة,جـعـلان بنى بـوعـلى,جنوب الشرقية
,سعيد سلطان سعيد السنيدي,املاك البندر العالمية للتجارة,سيح الصادر,جـعـلان بنى بـوعـلى,جنوب الشرقية
,شيخة بنت سالم بن راشد السنيدي,سواعد جعلان,سيح قريحة,جـعـلان بنى بـوعـلى,جنوب الشرقية
,هناء بنت سالم بن حمد الساعدي,ضواحي حصينة للتجارة,سيح قريحة,جـعـلان بنى بـوعـلى,جنوب الشرقية
,مبارك بن عبدالله بن سعيد الساعدي,منارة سيح سندة للتجارة,سيح قريحة,جـعـلان بنى بـوعـلى,جنوب الشرقية
,خميس بن سالم بن خميس المخيني,منار السويح للتجارة,سيح قريحة,جـعـلان بنى بـوعـلى,جنوب الشرقية
,عماربن سعيد بن سالم الغيلاني,مؤسسة المدى الطويل الرائدة,سيح قريحة,جـعـلان بنى بـوعـلى,جنوب الشرقية
,خميس سعود علي الساعدي,فخر العفية المتميزة,سيح السنده,جـعـلان بنى بـوعـلى,جنوب الشرقية
,عائشة خميس علي السنيدي,نور جعلان للتجارة,بلد بني بو علي,جـعـلان بنى بـوعـلى,جنوب الشرقية
,شميسة بنت عبدالله بن خنفور البهلولي,ريحانة الدار للتجارة,جعلان بنى بو حسن,جعـلان بنى بوحسـن,جنوب الشرقية
,بدرية بنت مبارك بن سالم الجابري,همس القمر الحديثة ش م م,فلج المشايخ,جعـلان بنى بوحسـن,جنوب الشرقية
,مريم بنت ناصر بن حمد المشايخي,التاج المحترف للخدمات,فلج المشايخ,جعـلان بنى بوحسـن,جنوب الشرقية
,خالد بن علي بن سعيد الجابري,شمس رويس الدولية,الساقطه,جعـلان بنى بوحسـن,جنوب الشرقية
,ريهام سلطان سعيد المشايخية,غلا جعلان للتجارة,الساقطه,جعـلان بنى بوحسـن,جنوب الشرقية
,شيخة بنت حمد بن محمد الحسني,مسار الخليج للتجارة,الغنيمية,جعـلان بنى بوحسـن,جنوب الشرقية
,انس بن مسلم بن صالح الحسني,انجاز جعلان,الغنيمية,جعـلان بنى بوحسـن,جنوب الشرقية
,عبدالعزيز محمد مالك الراجحي,إبداع جعلان الرائدة,المسيله,جعـلان بنى بوحسـن,جنوب الشرقية
,يوزه حميد صالح الحرسوسية,مؤسسة ابن حميد الحديثة,هيما,هـيـمــاء,الوسطى
,جميله سالم خليفه راشد الحرسوسيه,هيماء اللوجستيه,هيما,هـيـمــاء,الوسطى
,عنود خالد سالم هويله الحرسوسية,هيماء لخدمات الطباعة,هيما,هـيـمــاء,الوسطى
,الصمغه بنت حميد بن محمد الحرسوسية,مشاريع الامستحيل,هيما,هـيـمــاء,الوسطى
,بسمة بنت عبدالله بن سويدان الحكماني,البسمة للخدمات و الاعمال,حج,مـحــوت,الوسطى
,علي بن خليفة بن علي الحكماني,مؤسسة دانة محوت الوطنية,حج,مـحــوت,الوسطى
,مريم بنت سلطان بن علي الحكمانية,الجوبة للخدمات المتكاملة,حج,مـحــوت,الوسطى
,وجدان بنت صبيح بن فائل الحكمانية,الوسطى للخدمات المتميزه,حج,مـحــوت,الوسطى
,أرواح هادن سلطان سعيد الحكمانية,خدمات محوت للاعمال,حج,مـحــوت,الوسطى
,علي سليم محمد نعيف العمري,خريف سدرة للتجارة,الجوية,مـحــوت,الوسطى
,مامنة بنت محمد بن حميد الجنيبية,الزعيم الاول,الدقم,الـدقــم,الوسطى
,زهور الرميلي سالم الجنيبي,مشاريع ماسة الحوية,الدقم,الـدقــم,الوسطى
,ندوى بنت زفيتي بن سالم الجنيبية,الاسطورة للخدمات الذكية,هيتام,الـدقــم,الوسطى
,ماهلة بنت سلوم بن جمعة الجنيبي,مرتفعات صاي للتجارة,صاى,الـدقــم,الوسطى
,محمد بن حميد بن سليم الفارسي,الوسطى للخدمات الرائدة,صاى,الـدقــم,الوسطى
,سعيد بن محمد بن سعيد الجحافي,مؤسسة الدقم للتنفيذ الاعمال الذكية,صاى,الـدقــم,الوسطى
,عائشة بيت محمد بن علي الجنيبي,فوح العبير للتجارة,صاى,الـدقــم,الوسطى
,سليمه خميس حميد الغفيليه,شموس الدقم لخدمات ش ش و,صاى,الـدقــم,الوسطى
,ميزون ذياب ذبيان الجنيبي,سعيد الجنيبي للتجارة والمقاولات,وادي صاي,الـدقــم,الوسطى
,علياء بنت عامر بن علي الحميدي,مشاريع آفاق الكحل للتجارة,الجازر,الجـازر,الوسطى
,امجد محمد حمدون الجنيبي,صروح الجازر للخدمات,اللكبى,الجـازر,الوسطى
,فايده سلوم مسلم الجنيبية,شموخ المستقبل للخدمات التجارية,نمر,الجـازر,الوسطى
,خميس بن سعيد بن شعفان الجنيبي,خميس بن سعيد بن شعفان الجنيبي,الكحل(2),الجـازر,الوسطى
,زمزم بنت بخيت بن مسلم المشيخي,زمردة صلالة,صلاله,صــلالـــة,ظفـار
,ايمان بنت سعيد بن احمد عكاك,المنبع الذهبي للتجارة,صلاله,صــلالـــة,ظفـار
,منى ظاهر عرفه بيت سليم,مؤسسة مراحب الجنوب للتجارة,صلاله,صــلالـــة,ظفـار
,شهاب بن احمد بن سالم مفلح,مؤسسة دروب السعادة,صلاله,صــلالـــة,ظفـار
,فهود بنت خادوم بن فاضل الحوسني,مؤسسة وردة الغيزين للتجارة,صلاله,صــلالـــة,ظفـار
,نيفين بنت مصلح بن حربيت بيت فضة,مؤسسة السهم الذكي للتجارة,صلاله,صــلالـــة,ظفـار
,منى بنت مسلم بن محمد العامري,مسمات للتجارة,صلاله,صــلالـــة,ظفـار
,نورة بنت محمد بن أحمد الشحري,مؤسسة دار الحصيلة للتجارة,صلاله,صــلالـــة,ظفـار
,سمر بنت عبدالحميد بن نظر بيت فضه,الفضة الصافية للطباعة والخدمات,صلاله,صــلالـــة,ظفـار
,عبدالله بن عمر بن سعيد الحجام,مركز أبوعواد للخدمات,صلاله,صــلالـــة,ظفـار
,حفصة بنت محمد اسلم بن محمد اكرم البلوشية,مؤسسة الرزانة الحديثة للتجارة,صلاله,صــلالـــة,ظفـار
,شريفة بنت سالم بن سعيد ثوعار المهري,مشاريع درة صلالة المتحدة,صلاله,صــلالـــة,ظفـار
,سعيدة بنت محمد مستهيل الشحري,مؤسسة روابي جنوف للتجارة,صلاله,صــلالـــة,ظفـار
,فاطمة بنت احمد على قطن,مؤسسة الشاملة لخدمات الذهبية,صلاله,صــلالـــة,ظفـار
,عمير الماس رمضان بيت عشيت,مؤسسة العشيت للتجارة والمقاولات,صلاله,صــلالـــة,ظفـار
,مروة بنت سعيد بن سهيل الشعشعية,مؤسسة السهل الممتنع للطباعة وتصوير المستندات,صلاله,صــلالـــة,ظفـار
,ميساء بنت سالم بن محاد الحضري,مركز ميساء للخدمات العامة,صلاله,صــلالـــة,ظفـار
,سعيدة سالم احمد الجحفلية,مؤسسة اوبار الذهبية المتحدة,صلاله,صــلالـــة,ظفـار
,ليله بنت سهيل بن سالم الكثيرية,مؤسسة منار الجودة,صلاله,صــلالـــة,ظفـار
,أماني بنت سعيد بن علي العلوي,خيرات الجزيرة العالمية,صلاله,صــلالـــة,ظفـار
,نصير احمد بن نصرالله بن دوست محمد البلوشي,مؤسسة معبر السعادة للتجارة,صلاله,صــلالـــة,ظفـار
,نمين بنت ناصر بن رمضان بيت مبارك,مؤسسة نمين بنت ناصر بن رمضان بيت مبارك للتجارة,صلاله,صــلالـــة,ظفـار
,منى بنت سعيد بن محمد الشنفرية,مؤسسة نور الارض الشاملة للتجارة و لمقاولات,صلاله,صــلالـــة,ظفـار
,سعيد بخيت سعيد كشوب,موسسه امواج الخريف الشامله,صلاله,صــلالـــة,ظفـار
,رقية علي جمعان بيت صنجور,مؤسسة وسام النجاح الشاملة للتجارة,صلاله,صــلالـــة,ظفـار
,شيخه محمد سعيد باقوير,الرأي لخدمات الطباعة,صلاله,صــلالـــة,ظفـار
,عمار بن حسن بن عوض الحاج,الفياض للخدمات,صلاله,صــلالـــة,ظفـار
,نوره بنت سالم علي الجحفلية,مؤسسة سبق المتحدة للتجارة المقاولات,صلاله,صــلالـــة,ظفـار
,علي بن بخيت بن سالم بيت سعيد,الاعتماد للاعمال والخدمات,صلاله,صــلالـــة,ظفـار
,خيريه بنت حمران بن خميس,مؤسسة الانامل الشاملة للتجارة,صلاله,صــلالـــة,ظفـار
,لخيار بنت عبدالله علي باعوين,ضواحي صلالة للطباعة,صلاله,صــلالـــة,ظفـار
,عمر سالم محمد باعوين,الرؤية للوسائط والأعمال,صلاله,صــلالـــة,ظفـار
,فاطمه سهيل مسعود كشوب,مؤسسة الكاتب الشامله,صلاله,صــلالـــة,ظفـار
,عبدالله غالب عبدالله بيت عبيد,مؤسسة ركن لتواصل للتجارة,صلاله,صــلالـــة,ظفـار
,سالم بن علي بن مسلم المعشني,تعمير الريف,صلاله,صــلالـــة,ظفـار
,وداد بنت فرج بن عوض النوبي,مؤسسة رفاه الشاملة للتجارة,الحصيلة,صــلالـــة,ظفـار
,نوره بنت مسلم بن محمد مسن,مؤسسة ساس للطباعة وتصوير المستندات,الحصيلة,صــلالـــة,ظفـار
,نور بنت عيسى بن علي المعشنية,الاطلس للطباعة و الخدمات التجارية,الحصيلة,صــلالـــة,ظفـار
,زينب بنت سالم بن عثيل باعمر,جوري الاعمال الحديثة,الدهاريز الجنوبيه,صــلالـــة,ظفـار
,وصال بنت سعيد نصيب بيت معد,بنت الجنوب للطباعه المستندات,الدهاريز الجنوبيه,صــلالـــة,ظفـار
,فاطمة بنت سهيل سعيد محمد تبوك,مؤسسة الفريد لخدمات سند,السعادة الجنوبيه,صــلالـــة,ظفـار
,اسماء بنت محمد علي المعشنية,الخدمة المميزة للطباعة,السعادة الجنوبيه,صــلالـــة,ظفـار
,نورة بنت حسن بن مسلم كشوب,زرف الشاملة للتجارة,السعادة الجنوبيه,صــلالـــة,ظفـار
,ايمان بنت محمد بن مسعود كشوب,مؤسسة السعادة للأعمال والخدمات,السعادة الجنوبيه,صــلالـــة,ظفـار
,احمد بن سالم بن محمد باعلوي,مؤسسة السرهد للتجاره,السعادة الجنوبيه,صــلالـــة,ظفـار
,طفول بنت أحمد بن علي بيت علي بن عيسى,الريادة العالمية للطباعة,عوقد الشماليه,صــلالـــة,ظفـار
,حشيمة بنت محمد بن فرج عامر جيد,الصدارة الاولى,شليم,صــلالـــة,ظفـار
,مني بنت سعيد بن محمد العامري,مؤسسة الطلة الشاملة للتجارة,الصناعيات القديمة,صــلالـــة,ظفـار
,بوبكر علي سالم عامرجيد المهري,مؤسسة سند الشاملة,الصناعيات القديمة,صــلالـــة,ظفـار
,محمد بن حسن بن عوض الرواس,تسهيل العربية للخدمات التجارية,الصناعيات الجديدة,صــلالـــة,ظفـار
,ليلى بنت سعيد بن مسلم المعشني,مؤسسة منابع الصفاء الشاملة للتجارة والخدمات,الصناعيات الجديدة,صــلالـــة,ظفـار
,علياء بنت سعيد بن علي عكعاك,مؤسسة الكهرومان الشاملة للتجارة والمقاولات,الصناعيات الجديدة,صــلالـــة,ظفـار
,عبدالله بن سالم بن عوض بيت علي مقدم,مؤسسة الفرص الناادرة للتجارة,الصناعيات الجديدة,صــلالـــة,ظفـار
,مسلم بن علي بن سالم العمري,الحزم للمشاريع الرائدة,الصناعيات الجديدة,صــلالـــة,ظفـار
,طفول بنت سالم احمد الجحفلي,موسسة الخطوط الذكية المتكاملة للتجارة,الصناعيات الجديدة,صــلالـــة,ظفـار
,فاطمه بنت عبدالله بن عبدالعزيز الرواس,المعاملة الذكية,الصناعيات الجديدة,صــلالـــة,ظفـار
,وداد بنت محمد بن سعيد الجحفلي,مؤسسة سروح المملكة,الصناعيات الجديدة,صــلالـــة,ظفـار
,ايمان بنت سهيل سعيد بيت سعيد,ارياف العز المتحدة,الصناعيات الجديدة,صــلالـــة,ظفـار
,طفول بنت سعيد بن محمد السعدوني عكعاك,خدمات الحديثة,الصناعيات الجديدة,صــلالـــة,ظفـار
,سعيد مسلم علي قمصيت,مشاريع سعيد مسلم علي قمصيت للتجارة,الصناعيات الجديدة,صــلالـــة,ظفـار
,منى سعيد طرشوم هبيس,مؤسسة الوسام الفضي,الصناعيات الجديدة,صــلالـــة,ظفـار
,سلمى احمد علي شلايان باعوين,الجزيرة للطباعة الحديثة,الصناعيات الجديدة,صــلالـــة,ظفـار
,اسماء احمد سعد رعفيت,مؤسسة دار البركة للطباعة,الصناعيات الجديدة,صــلالـــة,ظفـار
,نعيمه مسلم بخيت خوار الكثيري,شواطئ صلاله الماسية,الصناعيات الجديدة,صــلالـــة,ظفـار
,نور أحمد مستهيل الكثيرية,التوحيد الاستثمار والخدمات,الصناعيات الجديدة,صــلالـــة,ظفـار
,نور محمد أحمد قهورالمهري,ركن الطابعة الذكية,الصناعيات الجديدة,صــلالـــة,ظفـار
,إيمان بنت علي بن سعيد بكور,الهمة العربية للتجارة,الصناعيات الجديدة,صــلالـــة,ظفـار
,اسيا بنت ساعي بن فرج مجزح,مؤسسة غزال الخير للتجارة,اغديت,صــلالـــة,ظفـار
,صدام حسين اسماعيل يسهول,شركة مرجان الدولية للتكنولوجيا,ريسوت,صــلالـــة,ظفـار
,علوية بنت سالم بن عبد الرحمن الكاف,مركز ظفار للخدمات التجارية,الدهاريز,صــلالـــة,ظفـار
,أميرة بنت سعيد بن علي النوبية,مؤسسة الاختيارات الذكية,السعادة,صــلالـــة,ظفـار
,ليلة بنت محمد بن سعيد الرواس,خدمات العصر المميزة,السعادة,صــلالـــة,ظفـار
,خالد بن ابو بكر بن سعيد احمد الكاف,مؤسسة دلة السعادة للتجارة,السعادة,صــلالـــة,ظفـار
,محمد بن الماس بن رمضان بيت عشيت,منجم الماس للتجارة,الوادي,صــلالـــة,ظفـار
,حمده جمعه بن طناف الجابرية,شركة حمده جمعه الجابرية للتجارة,الوادي,صــلالـــة,ظفـار
,عائشة بنت فرج بن محمد العامرية,مؤسسة الفريق الواحد للتجارة,شمال العوقدين,صــلالـــة,ظفـار
,فاطمة بنت ربيع بن جمعان عرفه,مؤسسة جوهرة المدينة الشاملة للتجارة,صلالة الجديدة,صــلالـــة,ظفـار
,شريفة مدير عرفة كليب,الاماسي العربية الشاملة,صلالة الجديدة,صــلالـــة,ظفـار
,وضحى بنت محمد بن سعد ماجونح زعبنوت,موسسة نور المدينة الوطنية للتجارة,صلالة الجديدة,صــلالـــة,ظفـار
,فاطمة حمود سليمان الهديفي,الامتياز لخدمات سند,صلالة الوسطى,صــلالـــة,ظفـار
,امينة بنت رجب بن محفوظ بيت زايد,مؤسسة الامتنان الشاملة للتجارة,صلالة الوسطى,صــلالـــة,ظفـار
,راية بنت حسن بن احمد تبوك,مؤسسة الراي الحديثة للتجارة,صلالة الوسطى,صــلالـــة,ظفـار
,فخرية بنت مستهيل بن بشير الشيرار,مؤسسة زهرة الغيداء للتجارة,صلالة الوسطى,صــلالـــة,ظفـار
,لينا بنت هامور بن قانون بيت كوت,ليناء بنت هامور الفانون بيت كوت للتجارة,صلالة الوسطى,صــلالـــة,ظفـار
,أحمد بن عاشور بن عرفة بيت بكور,ببت الحصين للتجارة والمقاولات,صلالة الوسطى,صــلالـــة,ظفـار
,اسماء بنت عبدالله علوي مقيبل,موسسة التلاقي العصرية للتجارة,صلالة الوسطى,صــلالـــة,ظفـار
,امل محفوظ سالم كلشات,مؤسسة البرق الصاعد للإستثمار,صلالة الوسطى,صــلالـــة,ظفـار
,منى محمد بخيت محمد عكعاك,مؤسسة التخليص المميز للتجارة,صلالة الوسطى,صــلالـــة,ظفـار
,محمد عبدالله محمد العجيلي,مؤسسه الاستمرار الشاملة للتجارة,صلالة الغربية,صــلالـــة,ظفـار
,سعيدة بنت توفيق بن بكران شميعة,مؤسسة سعيده للتجارة,صلالة الغربية,صــلالـــة,ظفـار
,احمد بن عامر بن سعيد الكثيري,مؤسسه بن مهوي للتجارة,صلالة الغربية,صــلالـــة,ظفـار
,محمد مبارك عبدالله زعبنوت,تنفيذ للاعمال,صلالة الغربية,صــلالـــة,ظفـار
,منى بنت نصيب بن مستهيل بيت باروت,موسسة بهوة المدينة للتجارة,المعتزة,صــلالـــة,ظفـار
,زمزم بنت مسلم بن بخيت البرعمي,مؤسسة أبوعمار البرعمي للتجارة,المعتزة,صــلالـــة,ظفـار
,ممتاز بنت امان سرور الحبشية,شهد الحياة الشاملة للتجارة,صلالة الشرقية,صــلالـــة,ظفـار
,راية بنت هاشل بن فرحان بيت بدر,خط البهجة للتجارة,صلالة الشرقية,صــلالـــة,ظفـار
,علي محمد مسعود المعشني,مؤسسة الزمردة الخضراء للطباعة وتصوير المستندات,صلالة الشرقية,صــلالـــة,ظفـار
,طفول بنت سعيد بن حسن زعبنوت,مؤسسة طيبة المزيونة للتجارة,المزيونة,المزيونة,ظفـار
,محسنة بنت محسن بن مسلم زعبنوت,محسنة بنت محسن بن مسلم زعبنوت للتجارة,المزيونة,المزيونة,ظفـار
,جميله بنت محمد بن مبخوت زعبنوت,اضواء التوسنات,المزيونة,المزيونة,ظفـار
,خديجة بنت حمد بن سعيد شمة زعبنوت,مؤسسة دروب المزيونة الشاملة للتجارة,المزيونة,المزيونة,ظفـار
,خلعة بنت سالم بن خويتم مسن,ثراء نجد,ثمريت,ثـمـريــت,ظفـار
,نعيمة بنت سالم سهيل خوار,مكتب سند للطباعة,ثمريت,ثـمـريــت,ظفـار
,شمه بنت مسلم بن رامي خوار,البندر للطباعة وتصوير المستندات,ثمريت,ثـمـريــت,ظفـار
,فاطمة بنت مبحوت بن مبارك مسن,مؤسسة تطوير نجد للخدمات,ثمريت,ثـمـريــت,ظفـار
,زمزم بنت محمد معويض خوار,كبلول للتجارة,ثمريت,ثـمـريــت,ظفـار
,ذكريات بنت شعبان بن سيلام بيت ايتاع,مؤسسة بشائر طاقة للتجارة,طاقة,طــاقـــة,ظفـار
,فاطمة بنت سالم بن محمد المعشنية,مؤسسة الراية الشامخة للتجارة,طاقة,طــاقـــة,ظفـار
,شريفة رجب احمد باحريش,مؤسسة بهجة ارض الخير للتجارة,طاقة,طــاقـــة,ظفـار
,شريفه محاد مسلم المعشنية,أسوار العز الذهبية,طاقة,طــاقـــة,ظفـار
,معالي بنت زايد بن همدان بيت حميد,مؤسسة مسيرة المعالي للتجارة,مرباط,مرباط,ظفـار
,امينه بنت احمد بن علي باعمر,أملاك مرباط الشاملة للتجارة,مرباط,مرباط,ظفـار
,كاملة بنت دهق بن محمد المشيخي,مؤسسة مرفى مرباط للخدمات,مرباط,مرباط,ظفـار
,رقية ناصر محمد رشيشه,مؤسسة تسهيل مرباط للتجارة,مرباط,مرباط,ظفـار
,منى بنت محمد بن مستهيل المشيخية,مؤسسة مرتفعات طرفيت للتجارة,نيابة طوي اعتير,مرباط,ظفـار
,الهام بنت عبدالله بن سالم كلشات المهري,مؤسسة درة الشرق الدولية للخدمات,سدح,ســـــدح,ظفـار
,لطيفة بخيت سعيد بيت جومع بن سلم,مؤسسه محطة الغربيه للتجاره,رخيوت,رخــيــوت,ظفـار
,منيره بنت صالح بن احمد صعيفوت المهري,مشرق العصر الحديث للتجارة,شليم,شليم وجزر الحلانيات,ظفـار
,مديحه بنت محمد الرغش البطحرية,دوحة الريادة للخدمات,الشويميه,شليم وجزر الحلانيات,ظفـار
,أمل فرج خميس المعمري,شهد حماسة الجديد للتجارة,منطقة عزان,الـبـريـمـي,البريمي
,فاطمة بنت علي بن سالم العيسائي,مطلع الشمس لتخليص المعاملات,البريمى,الـبـريـمـي,البريمي
,سالم بن ناصر بن سالم الزيدي,أجواء فدى للتجارة,البريمى,الـبـريـمـي,البريمي
,محمد بن مصبح بن راشد العلوي,واحة الهير للتجارة,البريمى,الـبـريـمـي,البريمي
,نوال بنت علي بن جمعة العموري,أطلس الباطنة للتجارة,البريمى,الـبـريـمـي,البريمي
,راشد بن عامر بن عبدالله الشبلي,روح الأماكن للتجارة,البريمى,الـبـريـمـي,البريمي
,مشاعل بنت خلفان بن فاضل بن محمد الصوافية,روح الامل للتجارة,البريمى,الـبـريـمـي,البريمي
,فاطمة بنت سليمان بن سيف الشبلية,واحة توام للمشاريع للتجارة,البريمى,الـبـريـمـي,البريمي
,جابر بن زيد بن علي بن محمد العلوي,وادى السلاحية للتجارة,البريمى,الـبـريـمـي,البريمي
,مهرة بنت راشد بن حميد بن محمد الغيثية,أجواء الفياض للتجارة,البريمى,الـبـريـمـي,البريمي
,فاطمة بنت حميد بن راشد المحروقي,قمة المستقبل الحديثة,البريمى,الـبـريـمـي,البريمي
,محمد علي عبدالله مبارك السناني,نور الجوهرة العصرية للتجارة,البريمى,الـبـريـمـي,البريمي
,مريم جمعه علي محمد الكعبية,السراب لتخليص المعاملات وطباعة المستندات,البريمى,الـبـريـمـي,البريمي
,علياء سلطان راشد العويسي,زهرة صلالة الشرقية للتجارة,صعراء الجديده,الـبـريـمـي,البريمي
,بشرى بنت أحمد بن حسن البلوشية,الشيار للتجارة,صعراء الجديده,الـبـريـمـي,البريمي
,عائشة سليمان مبارك خلفان السلامية,العنكبوت الماسي للتجارة,صعراء الجديده,الـبـريـمـي,البريمي
,منصور بن سالم بن خلفان الغيثي,قلعة مزون للتجارة,صعراء الجديده,الـبـريـمـي,البريمي
,فاطمة عبدالله خايف مطر البدرانية,الدليل المعتمد للتجارة,الشريعة,الـبـريـمـي,البريمي
,حمود بن عبدالله بن حمدان المقبالي,رغد السحايب للتجارة,صعراء,الـبـريـمـي,البريمي
,ايمان بنت عوض بن خصيب البادي,ليالي غرناطة للتجارة,صعراء,الـبـريـمـي,البريمي
,اصيلة بنت عبدالله بن سيف النخيلي,درر الكون المتكاملة للتجارة تضامنية,صعراء,الـبـريـمـي,البريمي
,علي بن خلفان بن عبدالله الشامسي,مشاريع الياسات العصرية التجارية,صعراء,الـبـريـمـي,البريمي
,صالحه عبدالله مسعود المعمريه,فخامة الشرق العصرية,صعراء,الـبـريـمـي,البريمي
,أحمد بن علي بن عبدالله العثماني,مؤسسة العثماني الحديثة للتجارة,صعراء,الـبـريـمـي,البريمي
,خالد سعيد علي الحجري,الروائع لإنجاز وتخليص المعاملات,صعراء,الـبـريـمـي,البريمي
,سهيلة بنت سالم بن عبيد الكعبية,لؤلؤة محضة للتجارة,الخضراء,محضة,البريمي
,خليفه سيف محمد راشد المقبالي,دماني الروضة,الروضه,محضة,البريمي
,عبدالله بن خميس بن هاشل الكعبي,الرؤية المنطقية للتجارة,محضه,محضة,البريمي
,,,,,
,,,,,
,,,,,
,,,,,
Contact Number/رقم الاتصال,Contact Person /'الموظف المسؤول,SANAD Center Name /'مركز سند,Village/'قرية,Willayat/'ولاية,Governorate/'محافظة
